Reference,BoM Lines/Product Template/Korporat Code,BoM Lines/Product Template/Material Type,BoM Lines/Quantity
L-CPSLLS01-BULK/FPS,TITA--3328EW-K,Raw Material,0.00827
L-CPSLLS01-BULK/FPS,CRO1-GTCC-,Raw Material,0.10238
L-CPSLLS01-BULK/FPS,EXTR-DB-,Raw Material,0.01000
L-CPSLLS01-BULK/FPS,PEN-PRSVPE-X,Raw Material,0.00800
L-CPSLLS01-BULK/FPS,PENG-SYM68-X,Raw Material,0.00600
L-CPSLLS01-BULK/FPS,PEN-SENSC50-X,Raw Material,0.00400
L-CPSLLS01-BULK/FPS,EMU-EPHV-X,Raw Material,0.20243
L-CPSLLS01-BULK/FPS,EMU-PLHV-X,Raw Material,0.16194
L-CPSLLS01-BULK/FPS,EMU-WCKL-X,Raw Material,0.08049
L-CPSLLS01-BULK/FPS,EMU-EPIS-X,Raw Material,0.07287
L-CPSLLS01-BULK/FPS,POWD-OMSS-X,Raw Material,0.05717
L-CPSLLS01-BULK/FPS,WAX-LIPZ-X,Raw Material,0.05668
L-CPSLLS01-BULK/FPS,EMU-UGGE-X,Raw Material,0.04049
L-CPSLLS01-BULK/FPS,WAX-CWCG-X,Raw Material,0.01619
L-CPSLLS01-BULK/FPS,ACTI-MGCPW-X,Raw Material,0.00100
L-CPSLLS01-BULK/FPS,EMU-EDPC-X,Raw Material,0.05668
L-CPSLLS01-BULK/FPS,PARF-VMR-X,Raw Material,0.00125
L-CPSLLS01-BULK/FPS,WARN-C19011-R7CL-K,Raw Material,0.03600
L-CPSLLS01-BULK/FPS,WARN-COGO--K,Raw Material,0.02217
L-CPSLLS01-BULK/FPS,WARN-TOA403-KF,Raw Material,0.00400
L-CPSLLS01-BULK/FPS,WARN-7712-,Raw Material,0.04100
L-CPSLLS01-BULK/FPS,WARN-TOA506-X,Raw Material,0.00700
L-CPSLLS01-BULK/FPS,WARN-ABIO-X,Raw Material,0.00400
L-CPSLLS05-BULK/FPS,CRO1-GTCC-,Raw Material,0.10633
L-CPSLLS05-BULK/FPS,EXTR-DB-,Raw Material,0.01000
L-CPSLLS05-BULK/FPS,PEN-PRSVPE-X,Raw Material,0.00800
L-CPSLLS05-BULK/FPS,PENG-SYM68-X,Raw Material,0.00600
L-CPSLLS05-BULK/FPS,PEN-SENSC50-X,Raw Material,0.00400
L-CPSLLS05-BULK/FPS,TITA-INBP-X,Raw Material,0.07922
L-CPSLLS05-BULK/FPS,EMU-EPHV-X,Raw Material,0.17000
L-CPSLLS05-BULK/FPS,EMU-PLHV-X,Raw Material,0.16194
L-CPSLLS05-BULK/FPS,EMU-WCKL-X,Raw Material,0.08049
L-CPSLLS05-BULK/FPS,EMU-EPIS-X,Raw Material,0.10000
L-CPSLLS05-BULK/FPS,POWD-OMSS-X,Raw Material,0.05717
L-CPSLLS05-BULK/FPS,WAX-LIPZ-X,Raw Material,0.05668
L-CPSLLS05-BULK/FPS,EMU-UGGE-X,Raw Material,0.04049
L-CPSLLS05-BULK/FPS,WAX-CWCG-X,Raw Material,0.01619
L-CPSLLS05-BULK/FPS,ACTI-MGCPW-X,Raw Material,0.00100
L-CPSLLS05-BULK/FPS,EMU-EDPC-X,Raw Material,0.05668
L-CPSLLS05-BULK/FPS,PARF-VMR-X,Raw Material,0.00125
L-CPSLLS05-BULK/FPS,WARN-C338--K,Raw Material,0.02600
L-CPSLLS05-BULK/FPS,WARN-C43001-MV-K,Raw Material,0.00550
L-CPSLLS05-BULK/FPS,WARN-TOA403-KF,Raw Material,0.00495
L-CPSLLS05-BULK/FPS,WARN-TOA506-X,Raw Material,0.00267
L-CPSLLS05-BULK/FPS,WARN-TPA502-X,Raw Material,0.00545
L-CPMCLS01-BULK/FPS,NT---K,Raw Material,0.13500
L-CPMCLS01-BULK/FPS,SERI-S-D-K,Raw Material,0.04500
L-CPMCLS01-BULK/FPS,SALA-99--K,Raw Material,0.18908
L-CPMCLS01-BULK/FPS,TITA--3328EW-K,Raw Material,0.06034
L-CPMCLS01-BULK/FPS,SILI-556-DC-K,Raw Material,0.05805
L-CPMCLS01-BULK/FPS,MC3-300-SF,Raw Material,0.01787
L-CPMCLS01-BULK/FPS,MC3-30-SF,Raw Material,0.08857
L-CPMCLS01-BULK/FPS,CERE-810-,Raw Material,0.04000
L-CPMCLS01-BULK/FPS,PERF-PL-,Raw Material,0.05500
L-CPMCLS01-BULK/FPS,VITA-DL E-MS,Raw Material,0.01000
L-CPMCLS01-BULK/FPS,EMU-LEX7-X,Raw Material,0.04000
L-CPMCLS01-BULK/FPS,PEN-PRSVPE-X,Raw Material,0.00800
L-CPMCLS01-BULK/FPS,WAX-SBWX--X,Raw Material,0.02500
L-CPMCLS01-BULK/FPS,PENG-SYM68-X,Raw Material,0.00600
L-CPMCLS01-BULK/FPS,PEN-SENSC50-X,Raw Material,0.00400
L-CPMCLS01-BULK/FPS,SUN-MP-X,Raw Material,0.07000
L-CPMCLS01-BULK/FPS,EMU-ACT-X,Raw Material,0.00500
L-CPMCLS01-BULK/FPS,FLMR-AV2F-X,Raw Material,0.01000
L-CPMCLS01-BULK/FPS,ACTI-MGCPW-X,Raw Material,0.00010
L-CPMCLS01-BULK/FPS,PARF-VMR-X,Raw Material,0.00050
L-CPMCLS01-BULK/FPS,WARN-C19011-R7CL-K,Raw Material,0.00871
L-CPMCLS01-BULK/FPS,WARN-C335138--K,Raw Material,0.02701
L-CPMCLS01-BULK/FPS,WARN-C338--K,Raw Material,0.07811
L-CPMCLS01-BULK/FPS,WARN-RED6LM4-X,Raw Material,0.01531
L-CPMCLS01-BULK/FPS,WARN-ABIO-X,Raw Material,0.00335
L-CPMCLS02-BULK/FPS,NT---K,Raw Material,0.14000
L-CPMCLS02-BULK/FPS,WAX-CW--K,Raw Material,0.03000
L-CPMCLS02-BULK/FPS,WAX-P-FR6062-K,Raw Material,0.03000
L-CPMCLS02-BULK/FPS,SALA-99--K,Raw Material,0.16939
L-CPMCLS02-BULK/FPS,TITA--3328EW-K,Raw Material,0.06084
L-CPMCLS02-BULK/FPS,SILI-556-DC-K,Raw Material,0.05805
L-CPMCLS02-BULK/FPS,MC3-300-SF,Raw Material,0.06399
L-CPMCLS02-BULK/FPS,MC3-30-SF,Raw Material,0.06857
L-CPMCLS02-BULK/FPS,OZO-OZO-,Raw Material,0.07000
L-CPMCLS02-BULK/FPS,VITA-DL E-MS,Raw Material,0.01000
L-CPMCLS02-BULK/FPS,EMU-LEX7-X,Raw Material,0.04000
L-CPMCLS02-BULK/FPS,WAX-1847MICR-X,Raw Material,0.03000
L-CPMCLS02-BULK/FPS,PEN-PRSVPE-X,Raw Material,0.00800
L-CPMCLS02-BULK/FPS,MATS-MCM100-X,Raw Material,0.05000
L-CPMCLS02-BULK/FPS,PENG-SYM68-X,Raw Material,0.00600
L-CPMCLS02-BULK/FPS,PEN-SENSC50-X,Raw Material,0.00400
L-CPMCLS02-BULK/FPS,SUN-MP-X,Raw Material,0.03500
L-CPMCLS02-BULK/FPS,EMU-ACT-X,Raw Material,0.00500
L-CPMCLS02-BULK/FPS,ACTI-MGCPW-X,Raw Material,0.00100
L-CPMCLS02-BULK/FPS,PARF-VMR-X,Raw Material,0.00050
L-CPMCLS02-BULK/FPS,WARN-C19011-R7CL-K,Raw Material,0.00840
L-CPMCLS02-BULK/FPS,WARN-C335138--K,Raw Material,0.04500
L-CPMCLS02-BULK/FPS,WARN-C338--K,Raw Material,0.05352
L-CPMCLS02-BULK/FPS,WARN-TOA403-KF,Raw Material,0.01274
L-CPMCLS04-BULK/FPS,NT---K,Raw Material,0.13500
L-CPMCLS04-BULK/FPS,SERI-S-D-K,Raw Material,0.04500
L-CPMCLS04-BULK/FPS,SALA-99--K,Raw Material,0.21991
L-CPMCLS04-BULK/FPS,SILI-556-DC-K,Raw Material,0.05805
L-CPMCLS04-BULK/FPS,MC3-300-SF,Raw Material,0.01787
L-CPMCLS04-BULK/FPS,MC3-30-SF,Raw Material,0.08857
L-CPMCLS04-BULK/FPS,CERE-810-,Raw Material,0.04000
L-CPMCLS04-BULK/FPS,PERF-PL-,Raw Material,0.05500
L-CPMCLS04-BULK/FPS,VITA-DL E-MS,Raw Material,0.01000
L-CPMCLS04-BULK/FPS,TITA-OTS2CR50-,Raw Material,0.01300
L-CPMCLS04-BULK/FPS,EMU-LEX7-X,Raw Material,0.04000
L-CPMCLS04-BULK/FPS,PEN-PRSVPE-X,Raw Material,0.00800
L-CPMCLS04-BULK/FPS,WAX-SBWX--X,Raw Material,0.02500
L-CPMCLS04-BULK/FPS,PENG-SYM68-X,Raw Material,0.00600
L-CPMCLS04-BULK/FPS,PEN-SENSC50-X,Raw Material,0.00400
L-CPMCLS04-BULK/FPS,SUN-MP-X,Raw Material,0.07000
L-CPMCLS04-BULK/FPS,EMU-ACT-X,Raw Material,0.00500
L-CPMCLS04-BULK/FPS,FLMR-AV2F-X,Raw Material,0.01000
L-CPMCLS04-BULK/FPS,ACTI-MGCPW-X,Raw Material,0.00010
L-CPMCLS04-BULK/FPS,PARF-VMR-X,Raw Material,0.00050
L-CPMCLS04-BULK/FPS,WARN-C19011-R7CL-K,Raw Material,0.09500
L-CPMCLS04-BULK/FPS,WARN-C394--K,Raw Material,0.00150
L-CPMCLS04-BULK/FPS,WARN-TOA506-X,Raw Material,0.03300
L-CPMCLS04-BULK/FPS,WARN-RED6LM4-X,Raw Material,0.01950
FMI-SENSFS-BULK/FPS.RND.W144.00,PANT--DL-K,Raw Material,0.00500
FMI-SENSFS-BULK/FPS.RND.W144.00,SAMP-HXCTEC-X,Raw Material,0.02000
FMI-SENSFS-BULK/FPS.RND.W144.00,SAMP-SPHL-X,Raw Material,0.00001
FMI-SENSFS-BULK/FPS.RND.W144.00,EDT-B--K,Raw Material,0.00100
FMI-SENSFS-BULK/FPS.RND.W144.00,LAR-SF30-BULK,Intermediate,0.00007
FMI-SENSFS-BULK/FPS.RND.W144.00,PEN-RCCB-X,Raw Material,0.00050
FMI-SENSFS-BULK/FPS.RND.W144.00,ALAN--AK-K,Raw Material,0.00100
BO-JBPP-BULK/FPS,CECC---K,Raw Material,0.02000
BO-JBPP-BULK/FPS,POWD-9701-,Raw Material,0.03000
BO-JBPP-BULK/FPS,TITA-OTS2CR50-,Raw Material,0.10000
BO-JBPP-BULK/FPS,PEN-PRSVPE-X,Raw Material,0.00800
BO-JBPP-BULK/FPS,HYDL-5SMR-X,Raw Material,0.01000
BO-JBPP-BULK/FPS,HAIM-DIS-X,Raw Material,0.10000
BO-JBPP-BULK/FPS,PEN-SENSC50-X,Raw Material,0.00400
BO-JBPP-BULK/FPS,SUNP-EPU-2X-X,Raw Material,0.03000
BO-JBPP-BULK/FPS,EMU-HP30-X,Raw Material,0.10000
BO-JBPP-BULK/FPS,POWD-GH52-X,Raw Material,0.27260
BO-JBPP-BULK/FPS,POWD-HTTS-X,Raw Material,0.20000
BO-JBPP-BULK/FPS,PARF-9861SPM--K,Raw Material,0.00040
BO-JBPP-BULK/FPS,WARN-YLW3AS-X,Raw Material,0.00500
BO-JBPP-BULK/FPS,WARN-RED3AS-X,Raw Material,0.01000
BO-JBPP-BULK/FPS,WARN-TPA502-X,Raw Material,0.00500
BO-JBPP-BULK/FPS,WARN-RED6LM4-X,Raw Material,0.00500
REM-CDDCB-BULK/FPS,OIL-EPO-X,Raw Material,0.00010
REM-SENGMW-BULK/FPS,ALAN--AK-K,Raw Material,0.00500
REM-SENGMW-BULK/FPS,PANT--DL-K,Raw Material,0.00500
REM-SENGMW-BULK/FPS,GLYC--ECOS-K,Raw Material,0.00500
REM-SENGMW-BULK/FPS,EDT-B--K,Raw Material,0.00050
REM-SENGMW-BULK/FPS,PR-ZPRDL-X,Raw Material,0.01000
REM-SENGMW-BULK/FPS,HUM-HXLGLC-X,Raw Material,0.01200
REM-SENGMW-BULK/FPS,MOIS-XYL-X,Raw Material,0.00300
REM-SENGMW-BULK/FPS,ACTI-HFG-X,Raw Material,0.01000
REM-SENGMW-BULK/FPS,MOIS-PRLMNL-X,Raw Material,0.00500
REM-SENGMW-BULK/FPS,SAMP-HXCTEC-X,Raw Material,0.02000
REM-SENGMW-BULK/FPS,SAMP-SPHL-X,Raw Material,0.01000
REM-SENGMW-BULK/FPS,SAMP-PL64-X,Raw Material,0.02500
MA-ACN-BULK/FPS,ALAN--AK-K,Raw Material,0.00200
MA-ACN-BULK/FPS,GLYC--ECOS-K,Raw Material,0.02000
MA-ACN-BULK/FPS,EDT-B--K,Raw Material,0.00050
MA-ACN-BULK/FPS,"BUTY--DAI1,3",Raw Material,0.03000
MA-ACN-BULK/FPS,GLUZ-GLUZ-,Raw Material,0.01000
MA-ACN-BULK/FPS,KELT-CG-X,Raw Material,0.00350
MA-ACN-BULK/FPS,EXTR-CNDWLHB-X,Raw Material,0.00010
MA-ACN-BULK/FPS,PEN-SYMH-X,Raw Material,0.00600
MA-ACN-BULK/FPS,ASAM-SCAD-X,Raw Material,0.00500
MA-ACN-BULK/FPS,PARF-SILK-,Raw Material,0.00075
MA-ACN-BULK/FPS,LAR-SF30-BULK,Intermediate,0.00600
MA-CDF-BULK/FPS,ALAN--AK-K,Raw Material,0.00100
MA-CDF-BULK/FPS,GLYC--ECOS-K,Raw Material,0.02000
MA-CDF-BULK/FPS,EDT-B--K,Raw Material,0.00050
MA-CDF-BULK/FPS,"BUTY--DAI1,3",Raw Material,0.05000
MA-CDF-BULK/FPS,VITC-VCE-X,Raw Material,0.00500
MA-CDF-BULK/FPS,THIC-VZNFC-X,Raw Material,0.00350
MA-CDF-BULK/FPS,PEN-SYMH-X,Raw Material,0.00600
MA-CDF-BULK/FPS,ACTI-HDR-X,Raw Material,0.00600
MA-CDF-BULK/FPS,PARF-SC2R151972-X,Raw Material,0.00030
BO-CLBBPS-BULK/FPS,COSM-222--K,Raw Material,0.06500
BO-CLBBPS-BULK/FPS,SILD--SI5H52D-K,Raw Material,0.04500
BO-CLBBPS-BULK/FPS,SALA-99--K,Raw Material,0.14795
BO-CLBBPS-BULK/FPS,TITA--3328EW-K,Raw Material,0.06125
BO-CLBBPS-BULK/FPS,COSM-43V--K,Raw Material,0.04000
BO-CLBBPS-BULK/FPS,PERF-PL-,Raw Material,0.03800
BO-CLBBPS-BULK/FPS,EMU-PS-,Raw Material,0.13000
BO-CLBBPS-BULK/FPS,VITA-DL E-MS,Raw Material,0.00500
BO-CLBBPS-BULK/FPS,PEN-PRSVPE-X,Raw Material,0.00800
BO-CLBBPS-BULK/FPS,BHT-CRTL-X,Raw Material,0.00100
BO-CLBBPS-BULK/FPS,DRYF-PC-X,Raw Material,0.18000
BO-CLBBPS-BULK/FPS,PEN-SENSC50-X,Raw Material,0.00400
BO-CLBBPS-BULK/FPS,STEA-DSP300-X,Raw Material,0.05000
BO-CLBBPS-BULK/FPS,SFTC-CC60-X,Raw Material,0.02000
BO-CLBBPS-BULK/FPS,SILI-GRPSQ-X,Raw Material,0.10500
BO-CLBBPS-BULK/FPS,WAX-ABWAX-X,Raw Material,0.06000
BO-CLBBPS-BULK/FPS,PARF-9861SPM--K,Raw Material,0.00050
BO-CLBBPS-BULK/FPS,WARN-C19011-R7CL-K,Raw Material,0.00100
BO-CLBBPS-BULK/FPS,WARN-C19012-DCR6-K,Raw Material,0.00200
BO-CLBBPS-BULK/FPS,WARN-C338--K,Raw Material,0.02850
BO-CLBBPS-BULK/FPS,WARN-TOA403-KF,Raw Material,0.00750
BO-CLBBPS-BULK/FPS,WARN-UNK753-X,Raw Material,0.00030
S-A1-WBULK/FPS.RND.W103.01,OIL-TTOIDS-X,Raw Material,0.00100
S-A1-WBULK/FPS.RND.W103.01,PENG-GL-LON,Raw Material,0.00400
S-A1-WBULK/FPS.RND.W103.01,EM-E3201M-X,Raw Material,0.00500
S-A1-WBULK/FPS.RND.W103.01,GARA-RFS-X,Raw Material,0.00500
S-A1-WBULK/FPS.RND.W103.01,AMI-GCK12H-X,Raw Material,0.00700
S-A1-WBULK/FPS.RND.W103.01,AQUA---K,Raw Material,0.00800
S-A1-WBULK/FPS.RND.W103.01,ACTI-TZP48-X,Raw Material,0.01000
S-A1-WBULK/FPS.RND.W103.01,PARF-ODM3-X,Raw Material,0.01200
S-A1-WBULK/FPS.RND.W103.01,SILI-SSEM105-X,Raw Material,0.03000
S-A1-WBULK/FPS.RND.W103.01,TEGO-L7-1--K,Raw Material,0.08000
S-A1-WBULK/FPS.RND.W103.01,TEXA---K,Raw Material,0.17000
S-A1-WBULK/FPS.RND.W103.01,ZINC-ZNOLYS-X,Raw Material,0.00040
S-A1-WBULK/FPS.RND.W103.01,AJID-ZN100-X,Raw Material,0.00100
S-A1-WBULK/FPS.RND.W103.01,EXTR-PEPGLYE-X,Raw Material,0.00100
S-A1-WBULK/FPS.RND.W103.01,EDT-B--K,Raw Material,0.00100
S-A1-WBULK/FPS.RND.W103.01,MENT--CEPB-K,Raw Material,0.00200
S-A1-WBULK/FPS.RND.W103.01,KATI-JGRC14-X,Raw Material,0.00200
S-A1-WBULK/FPS.RND.W103.01,POLY-MICOJ400-,Raw Material,0.00230
BO-CLBBPB-BULK/FPS,COSM-222--K,Raw Material,0.06500
BO-CLBBPB-BULK/FPS,SILD--SI5H52D-K,Raw Material,0.04500
BO-CLBBPB-BULK/FPS,SALA-99--K,Raw Material,0.15600
BO-CLBBPB-BULK/FPS,TITA--3328EW-K,Raw Material,0.07000
BO-CLBBPB-BULK/FPS,COSM-43V--K,Raw Material,0.04000
BO-CLBBPB-BULK/FPS,PERF-PL-,Raw Material,0.03800
BO-CLBBPB-BULK/FPS,EMU-PS-,Raw Material,0.13000
BO-CLBBPB-BULK/FPS,VITA-DL E-MS,Raw Material,0.00500
BO-CLBBPB-BULK/FPS,PEN-PRSVPE-X,Raw Material,0.00800
BO-CLBBPB-BULK/FPS,BHT-CRTL-X,Raw Material,0.00100
BO-CLBBPB-BULK/FPS,DRYF-PC-X,Raw Material,0.18000
BO-CLBBPB-BULK/FPS,PEN-SENSC50-X,Raw Material,0.00400
BO-CLBBPB-BULK/FPS,STEA-DSP300-X,Raw Material,0.05000
BO-CLBBPB-BULK/FPS,SFTC-CC60-X,Raw Material,0.02000
BO-CLBBPB-BULK/FPS,SILI-GRPSQ-X,Raw Material,0.10500
BO-CLBBPB-BULK/FPS,WAX-ABWAX-X,Raw Material,0.06000
BO-CLBBPB-BULK/FPS,PARF-9861SPM--K,Raw Material,0.00050
BO-CLBBPB-BULK/FPS,WARN-C196619-R6-K,Raw Material,0.02000
BO-CLBBPB-BULK/FPS,WARN-C338--K,Raw Material,0.00150
BO-CLBBPB-BULK/FPS,WARN-UNCO-X,Raw Material,0.00050
BO-CLBBPB-BULK/FPS,WARN-R7EL-X,Raw Material,0.00050
S-USS-BULK/FPS,TEGO-L7-1--K,Raw Material,0.09000
S-USS-BULK/FPS,AQUA---K,Raw Material,0.01000
S-USS-BULK/FPS,TEXA---K,Raw Material,0.18000
S-USS-BULK/FPS,EDT-B--K,Raw Material,0.00100
S-USS-BULK/FPS,POLY-MICOJ400-,Raw Material,0.00300
S-USS-BULK/FPS,AMI-GCK12K-,Raw Material,0.00500
S-USS-BULK/FPS,PENG-GL-LON,Raw Material,0.00400
S-USS-BULK/FPS,KATI-JGRC14-X,Raw Material,0.00200
S-USS-BULK/FPS,SILI-SSEM105-X,Raw Material,0.03000
S-USS-BULK/FPS,EM-E3201M-X,Raw Material,0.01500
S-USS-BULK/FPS,NUTR-NTKWPP-X,Raw Material,0.00200
S-USS-BULK/FPS,EXP-EGS605147-X,Raw Material,0.00100
S-USS-BULK/FPS,GARA-RFS-X,Raw Material,0.00700
S-USS-BULK/FPS,OIL-RSOLIDS-X,Raw Material,0.00010
S-USS-BULK/FPS,PARF-ODM3-X,Raw Material,0.01200
LT-CR06-BULK/FPS,ARMO-HD--K,Raw Material,0.01000
LT-CR06-BULK/FPS,PERF-PL-,Raw Material,0.03500
LT-CR06-BULK/FPS,EXTR-DB-,Raw Material,0.00050
LT-CR06-BULK/FPS,VITA-DL E-MS,Raw Material,0.00200
LT-CR06-BULK/FPS,TITA-OTS2CR50-,Raw Material,0.01500
LT-CR06-BULK/FPS,SILS-034-X,Raw Material,0.01000
LT-CR06-BULK/FPS,PEN-PRSVPE-X,Raw Material,0.00800
LT-CR06-BULK/FPS,OIL-OJJBIII-X,Raw Material,0.00500
LT-CR06-BULK/FPS,PURO-IDD-X,Raw Material,0.14690
LT-CR06-BULK/FPS,HAIM-DIS-X,Raw Material,0.04000
LT-CR06-BULK/FPS,PEN-SENSC50-X,Raw Material,0.00400
LT-CR06-BULK/FPS,BENT-BGVS5PC-X,Raw Material,0.11500
LT-CR06-BULK/FPS,SUN-MP-X,Raw Material,0.08000
LT-CR06-BULK/FPS,EMU-HP30-X,Raw Material,0.01000
LT-CR06-BULK/FPS,SILI-BEL803-X,Raw Material,0.05000
LT-CR06-BULK/FPS,EMU-ACT-X,Raw Material,0.02000
LT-CR06-BULK/FPS,EKS-HLE-X,Raw Material,0.00100
LT-CR06-BULK/FPS,SILI-CDM10-X,Raw Material,0.25000
LT-CR06-BULK/FPS,MICA-SYR1F-X,Raw Material,0.00400
LT-CR06-BULK/FPS,ALUM-MN10D-X,Raw Material,0.00100
LT-CR06-BULK/FPS,OIL-AVSB-X,Raw Material,0.00100
LT-CR06-BULK/FPS,EMU-VME5-X,Raw Material,0.10000
LT-CR06-BULK/FPS,EMU-FLRM-X,Raw Material,0.03500
LT-CR06-BULK/FPS,PARF-VMR-X,Raw Material,0.00010
LT-CR06-BULK/FPS,WARN-C19012-DCR6-K,Raw Material,0.00150
LT-CR06-BULK/FPS,WARN-C335138--K,Raw Material,0.01400
LT-CR06-BULK/FPS,WARN-C338--K,Raw Material,0.03250
LT-CR06-BULK/FPS,WARN-UNK753-X,Raw Material,0.00150
LT-CR06-BULK/FPS,WARN-ABIO-X,Raw Material,0.00700
D-DEORO-BULK/FPS (Email),ALAN--AK-K,Raw Material,0.00100
D-DEORO-BULK/FPS (Email),ALUM--ACH-K,Raw Material,0.17500
D-DEORO-BULK/FPS (Email),SILI-2005-DC-K,Raw Material,0.01000
D-DEORO-BULK/FPS (Email),SILI-1202-,Raw Material,0.02000
D-DEORO-BULK/FPS (Email),EMU-TEGE-,Raw Material,0.02750
D-DEORO-BULK/FPS (Email),EMUL-AL2-,Raw Material,0.02750
D-DEORO-BULK/FPS (Email),EMUL-AL21-,Raw Material,0.01750
D-DEORO-BULK/FPS (Email),PEN-PRSVPE-X,Raw Material,0.00800
D-DEORO-BULK/FPS (Email),BHT-CRTL-X,Raw Material,0.00100
D-DEORO-BULK/FPS (Email),PROP-PGESK-X,Raw Material,0.03000
D-DEORO-BULK/FPS (Email),EKS-GTLE-X,Raw Material,0.00500
D-DEORO-BULK/FPS (Email),POWD-H53-X,Raw Material,0.01500
D-DEORO-BULK/FPS (Email),ACTI-RNCC-X,Raw Material,0.00500
D-DEORO-BULK/FPS (Email),SAMP-STFP-X,Raw Material,0.00750
M-BRAISG-BULK/FPS.RND.L02.01,SAMP-RCLRP-X,Raw Material,0.01000
M-BRAISG-BULK/FPS.RND.L02.01,VITA-B3PC-X,Raw Material,0.05000
M-BRAISG-BULK/FPS.RND.L02.01,SAMP-CCLRK-X,Raw Material,0.00100
M-BRAISG-BULK/FPS.RND.L02.01,CARB-C980P-X,Raw Material,0.00370
M-BRAISG-BULK/FPS.RND.L02.01,AMP-95--K,Raw Material,0.00352
M-BRAISG-BULK/FPS.RND.L02.01,ALAN--AK-K,Raw Material,0.00200
M-BRAISG-BULK/FPS.RND.L02.01,PENG-CLRP-X,Raw Material,0.00100
M-BRAISG-BULK/FPS.RND.L02.01,EDT-B--K,Raw Material,0.00100
M-BRAISG-BULK/FPS.RND.L02.01,ACTI-MEBSA-X,Raw Material,0.01500
M-BRAISG-BULK/FPS.RND.L02.01,PENG-STPHL-X,Raw Material,0.01500
M-BRAISG-BULK/FPS.RND.L02.01,MOIS-PTVT-X,Raw Material,0.01000
M-BRAISG-BULK/FPS.RND.L02.01,PR-ZPRDL-X,Raw Material,0.01000
M-BRAISG-BULK/FPS.RND.L02.01,SAMP-PCFL-X,Raw Material,0.01000
M-AGNC-BULK/FPS.RND.W125.01,SAMP-AMGM-X,Raw Material,0.00300
M-AGNC-BULK/FPS.RND.W125.01,ACTI-MRV-X,Raw Material,0.00010
M-AGNC-BULK/FPS.RND.W125.01,BIO-HYAL-BIL,Raw Material,0.00050
M-AGNC-BULK/FPS.RND.W125.01,VITA-DL E-MS,Raw Material,0.00100
M-AGNC-BULK/FPS.RND.W125.01,TITA--3328EW-K,Raw Material,0.00100
M-AGNC-BULK/FPS.RND.W125.01,EDT-DSLV-X,Raw Material,0.00100
M-AGNC-BULK/FPS.RND.W125.01,VITA-B3PC-X,Raw Material,0.05000
M-AGNC-BULK/FPS.RND.W125.01,EMU-MTV6-X,Raw Material,0.04500
M-AGNC-BULK/FPS.RND.W125.01,CRO1-GTCC-,Raw Material,0.04000
M-AGNC-BULK/FPS.RND.W125.01,SILI-D2-TSFST-K,Raw Material,0.04000
M-AGNC-BULK/FPS.RND.W125.01,EMU-CSAL-X,Raw Material,0.03500
M-AGNC-BULK/FPS.RND.W125.01,MATR-3000-X,Raw Material,0.03000
M-AGNC-BULK/FPS.RND.W125.01,ACTI-HFG-X,Raw Material,0.02500
M-AGNC-BULK/FPS.RND.W125.01,GLYC--ECOS-K,Raw Material,0.02500
M-AGNC-BULK/FPS.RND.W125.01,SILS-034-X,Raw Material,0.02000
M-AGNC-BULK/FPS.RND.W125.01,OIL-BLWHMO-X,Raw Material,0.01000
M-AGNC-BULK/FPS.RND.W125.01,TEGS-MM-X,Raw Material,0.01000
M-AGNC-BULK/FPS.RND.W125.01,FUCO-15PSLB-X,Raw Material,0.01000
M-AGNC-BULK/FPS.RND.W125.01,PENG-PNX-X,Raw Material,0.00500
M-AGNC-BULK/FPS.RND.W125.01,SMG-S600-X,Raw Material,0.00450
M-AGNC-BULK/FPS.RND.W125.01,PENG-CLRP-X,Raw Material,0.00300
M-AGNC-BULK/FPS.RND.W125.01,ORGA-EXD-ARK,Raw Material,0.00250
M-AGNC-BULK/FPS.RND.W125.01,PARF-FUN819-X,Raw Material,0.00200
M-AGNC-BULK/FPS.RND.W125.01,AHA-MFE-X,Raw Material,0.00100
M-AGNC-BULK/FPS.RND.W125.01,ALAN--AK-K,Raw Material,0.00100
M-AGNC-BULK/FPS.RND.W125.01,PANT--DL-K,Raw Material,0.00100
L-PTG1-BULK/FPS.RND.M46.07,EUTA-G-X,Raw Material,0.18000
L-PTG1-BULK/FPS.RND.M46.07,SILI-KFFA-X,Raw Material,0.10000
L-PTG1-BULK/FPS.RND.M46.07,SILI-KF54HV-X,Raw Material,0.10000
L-PTG1-BULK/FPS.RND.M46.07,SEPI-305-SF-K,Raw Material,0.03000
L-PTG1-BULK/FPS.RND.M46.07,MOIS-PTVT-X,Raw Material,0.03000
L-PTG1-BULK/FPS.RND.M46.07,FLMR-ELS7P-X,Raw Material,0.02000
L-PTG1-BULK/FPS.RND.M46.07,EMUL-AL21-,Raw Material,0.01000
L-PTG1-BULK/FPS.RND.M46.07,PENG-PHC-X,Raw Material,0.01000
L-PTG1-BULK/FPS.RND.M46.07,ACTI-HDR-X,Raw Material,0.00300
L-PTG1-BULK/FPS.RND.M46.07,ALAN--AK-K,Raw Material,0.00100
L-PTG1-BULK/FPS.RND.M46.07,PARF-VMR-X,Raw Material,0.00100
L-PTG1-BULK/FPS.RND.M46.07,EDT-B--K,Raw Material,0.00050
L-PTG1-BULK/FPS.RND.M46.07,WARN--RED227,Raw Material,0.00130
L-PTG1-BULK/FPS.RND.M46.07,WARN-O025-X,Raw Material,0.00050
L-PTG1-BULK/FPS.RND.M46.07,WARN-TRTYL-X,Raw Material,0.00030
L-PTG1-BULK/FPS.RND.M46.07,WARN-K7008J-X,Raw Material,0.00075
L-PTG1-BULK/FPS.RND.M46.07,WARN-BB--K,Raw Material,0.00005
FMI-RHFMA-BULK/FPS.RND.W145.00,LAR-LTE-BULK,Intermediate,0.00025
FMI-RHFMA-BULK/FPS.RND.W145.00,ALAN--AK-K,Raw Material,0.00133
FMI-RHFMA-BULK/FPS.RND.W145.00,PEN-PRSVPE-X,Raw Material,0.00556
FMI-RHFMA-BULK/FPS.RND.W145.00,ACTI-HDR-X,Raw Material,0.01111
FMI-RHFMA-BULK/FPS.RND.W145.00,PEN-RCCB-X,Raw Material,0.00111
FMI-RHFMA-BULK/FPS.RND.W145.00,EDT-B--K,Raw Material,0.00111
FMI-RHFMA-BULK/FPS.RND.W145.00,MOIS-PTVT-X,Raw Material,0.01111
FMI-RHFMA-BULK/FPS.RND.W145.00,GLYC--ECOS-K,Raw Material,0.01667
FMI-RHFMA-BULK/FPS.RND.W145.00,BAH-LUVIK30P-X,Raw Material,0.00556
FMI-RHFMA-BULK/FPS.RND.W145.00,VITA-DL E-MS,Raw Material,0.01000
FMI-RHFMB-BULK/FPS.RND.W145.00,EMU-STS-,Raw Material,0.87650
FMI-RHFMB-BULK/FPS.RND.W145.00,EMU-SROL-X,Raw Material,0.05000
FMI-RHFMB-BULK/FPS.RND.W145.00,ACTI-RBN-X,Raw Material,0.05000
FMI-RHFMB-BULK/FPS.RND.W145.00,SAMP-LARC23A204-DCR17-X,Intermediate,0.01000
FMI-RHFMB-BULK/FPS.RND.W145.00,PARF-JRS-X,Raw Material,0.00350
FMI-PRM-BULK/FPS.RND.M53.03,BAH-LUVIK30P-X,Raw Material,0.00050
FMI-PRM-BULK/FPS.RND.M53.03,MOIS-PTVT-X,Raw Material,0.01000
FMI-PRM-BULK/FPS.RND.M53.03,PR-ZPRDL-X,Raw Material,0.00500
FMI-PRM-BULK/FPS.RND.M53.03,PENG-PHC-X,Raw Material,0.00700
FMI-PRM-BULK/FPS.RND.M53.03,ACTI-RYKA-X,Raw Material,0.00500
FMI-PRM-BULK/FPS.RND.M53.03,VITA-B3PC-X,Raw Material,0.04000
FMI-PRM-BULK/FPS.RND.M53.03,ALAN--AK-K,Raw Material,0.00100
FMI-PRM-BULK/FPS.RND.M53.03,EMUL-DERMSOLP-,Raw Material,0.00003
FMI-PRM-BULK/FPS.RND.M53.03,PARF-WYM1R-X,Raw Material,0.00001
FMI-PRM-BULK/FPS.RND.M53.03,PENG-DDG226-X,Raw Material,0.00100
FMI-PRM-BULK/FPS.RND.M53.03,EDT-B--K,Raw Material,0.00100
L-CLSB-BULK/FPS.RND.W153.00,EDT-B--K,Raw Material,0.00100
L-CLSB-BULK/FPS.RND.W153.00,VITA-DL E-MS,Raw Material,0.00100
L-CLSB-BULK/FPS.RND.W153.00,ACTI-TINTT-X,Raw Material,0.00100
L-CLSB-BULK/FPS.RND.W153.00,PENG-SYM68-X,Raw Material,0.00600
L-CLSB-BULK/FPS.RND.W153.00,SAMP-MFLMOD-X,Raw Material,0.00075
L-CLSB-BULK/FPS.RND.W153.00,CLR-URED328-X,Raw Material,0.00100
L-CLSB-BULK/FPS.RND.W153.00,CLR-URED3075-X,Raw Material,0.00400
L-CLSB-BULK/FPS.RND.W153.00,POWD-SH219-X,Raw Material,0.01000
L-CLSB-BULK/FPS.RND.W153.00,ABIL-EM90-X,Raw Material,0.02000
L-CLSB-BULK/FPS.RND.W153.00,SUNP-170-X,Raw Material,0.02200
L-CLSB-BULK/FPS.RND.W153.00,WARN-BRO12-X,Raw Material,0.02700
L-CLSB-BULK/FPS.RND.W153.00,TIT-401-X,Raw Material,0.02900
L-CLSB-BULK/FPS.RND.W153.00,ACTI-MGCPW-X,Raw Material,0.00010
L-CLSB-BULK/FPS.RND.W153.00,STB-TL-X,Raw Material,0.00050
L-CLSB-BULK/FPS.RND.W153.00,BENT-BGISDV-X,Raw Material,0.07500
L-CLSB-BULK/FPS.RND.W153.00,MOIS-PTVT-X,Raw Material,0.02500
L-CLSB-BULK/FPS.RND.W153.00,CRO1-GTCC-,Raw Material,0.02500
L-CLSB-BULK/FPS.RND.W153.00,SQUA-AMYR-X,Raw Material,0.02500
L-CLSB-BULK/FPS.RND.W153.00,COSM-222--K,Raw Material,0.02500
L-CLSB-BULK/FPS.RND.W153.00,EMUL-KF6017-X,Raw Material,0.04000
L-CLSB-BULK/FPS.RND.W153.00,SILI-BELEG5-X,Raw Material,0.05000
L-CLSB-BULK/FPS.RND.W153.00,EUTA-G-X,Raw Material,0.05000
L-CLSB-BULK/FPS.RND.W153.00,PURO-IDD-X,Raw Material,0.05895
L-CLSB-BULK/FPS.RND.W153.00,WARN-BYO12-X,Raw Material,0.00600
L-CLSB-BULK/FPS.RND.W153.00,WARN-BBO12-X,Raw Material,0.00870
L-CLSB-BULK/FPS.RND.W153.00,PWD-SYS-X,Raw Material,0.01200
L-CLSB-BULK/FPS.RND.W153.00,PEN-PRSVPE-X,Raw Material,0.00800
L-CLSB-BULK/FPS.RND.W153.00,ORGA-EXD-ARK,Raw Material,0.00800
L-CLSB-BULK/FPS.RND.W153.00,THIC-RMGSO4-X,Raw Material,0.01000
POM-BHPW-BULK/FPS.RND.K20.02,SAMP-EMLGNB25-X,Raw Material,0.25000
POM-BHPW-BULK/FPS.RND.K20.02,GLYC--ECOS-K,Raw Material,0.04000
POM-BHPW-BULK/FPS.RND.K20.02,SAMP-EAQ48UP-X,Raw Material,0.03000
POM-BHPW-BULK/FPS.RND.K20.02,PROP-PGESK-X,Raw Material,0.02000
POM-BHPW-BULK/FPS.RND.K20.02,SAMP-PVPK90-X,Raw Material,0.01500
POM-BHPW-BULK/FPS.RND.K20.02,SILI-KFFA-X,Raw Material,0.01000
POM-BHPW-BULK/FPS.RND.K20.02,SAMP-MARWAVE-X,Raw Material,0.00500
POM-BHPW-BULK/FPS.RND.K20.02,PENG-GL-LON,Raw Material,0.00400
POM-BHPW-BULK/FPS.RND.K20.02,ALAN--AK-K,Raw Material,0.00100
POM-BHPW-BULK/FPS.RND.K20.02,EDT-B--K,Raw Material,0.00100
POM-BHPW-BULK/FPS.RND.K20.02,AMP-95--K,Raw Material,0.00010
POM-BHPW-BULK/FPS.RND.K20.02,ACTI-WDLS-X,Raw Material,0.00000
POM-BHPW-BULK/FPS.RND.K20.02,MENT--CEPB-K,Raw Material,0.00000
POM-BHPW-BULK/FPS.RND.K20.02,VIT-ATCAT-X,Raw Material,0.00000
POM-BHPM-BULK/FPS.RND.K22.01,SAMP-EMLGNB25-X,Raw Material,0.20000
POM-BHPM-BULK/FPS.RND.K22.01,PWD-KALNPD-X,Raw Material,0.05000
POM-BHPM-BULK/FPS.RND.K22.01,PROP-PGESK-X,Raw Material,0.05000
POM-BHPM-BULK/FPS.RND.K22.01,CRO1-CRMLAB-X,Raw Material,0.04200
POM-BHPM-BULK/FPS.RND.K22.01,SAMP-EAQ48UP-X,Raw Material,0.03000
POM-BHPM-BULK/FPS.RND.K22.01,EMUL-DERMSOLP-,Raw Material,0.01000
POM-BHPM-BULK/FPS.RND.K22.01,ACTI-RYKA-X,Raw Material,0.00500
POM-BHPM-BULK/FPS.RND.K22.01,SAMP-SWDAP3-X,Raw Material,0.00500
POM-BHPM-BULK/FPS.RND.K22.01,PENG-GL-LON,Raw Material,0.00400
POM-BHPM-BULK/FPS.RND.K22.01,ALAN-SL--X,Raw Material,0.00100
POM-BHPM-BULK/FPS.RND.K22.01,EDT-B--K,Raw Material,0.00100
POM-BHPM-BULK/FPS.RND.K22.01,ACTI-VEAC-X,Raw Material,0.00100
POM-BHPM-BULK/FPS.RND.K22.01,ACTI-ECTC-X,Raw Material,0.00030
POM-BHPM-BULK/FPS.RND.K22.01,OIL-ARG-X,Raw Material,0.00010
POM-BHPM-BULK/FPS.RND.K22.01,CLR-CWBW-X,Raw Material,0.00100
L-CLSC-BULK/FPS.RND.W158.01,BENT-BGISDV-X,Raw Material,0.07500
L-CLSC-BULK/FPS.RND.W158.01,EUTA-G-X,Raw Material,0.05000
L-CLSC-BULK/FPS.RND.W158.01,SILI-BELEG5-X,Raw Material,0.05000
L-CLSC-BULK/FPS.RND.W158.01,EMUL-KF6017-X,Raw Material,0.04000
L-CLSC-BULK/FPS.RND.W158.01,COSM-222--K,Raw Material,0.02500
L-CLSC-BULK/FPS.RND.W158.01,CRO1-GTCC-,Raw Material,0.02500
L-CLSC-BULK/FPS.RND.W158.01,MOIS-PTVT-X,Raw Material,0.02500
L-CLSC-BULK/FPS.RND.W158.01,ACTI-MGCPW-X,Raw Material,0.00010
L-CLSC-BULK/FPS.RND.W158.01,ABIL-EM90-X,Raw Material,0.02000
L-CLSC-BULK/FPS.RND.W158.01,SUNP-170-X,Raw Material,0.02200
L-CLSC-BULK/FPS.RND.W158.01,STB-TL-X,Raw Material,0.00050
L-CLSC-BULK/FPS.RND.W158.01,SQUA-AMYR-X,Raw Material,0.02500
L-CLSC-BULK/FPS.RND.W158.01,THIC-RMGSO4-X,Raw Material,0.01000
L-CLSC-BULK/FPS.RND.W158.01,POWD-SH219-X,Raw Material,0.01000
L-CLSC-BULK/FPS.RND.W158.01,ORGA-EXD-ARK,Raw Material,0.00800
L-CLSC-BULK/FPS.RND.W158.01,PARF-VMR-X,Raw Material,0.00075
L-CLSC-BULK/FPS.RND.W158.01,EDT-B--K,Raw Material,0.00100
L-CLSC-BULK/FPS.RND.W158.01,VITA-DL E-MS,Raw Material,0.00100
L-CLSC-BULK/FPS.RND.W158.01,PENG-SYM68-X,Raw Material,0.00600
L-CLSC-BULK/FPS.RND.W158.01,PEN-PRSVPE-X,Raw Material,0.00800
L-CLSC-BULK/FPS.RND.W158.01,ACTI-TINTT-X,Raw Material,0.00100
L-CLSC-BULK/FPS.RND.W158.01,PWD-SYS-X,Raw Material,0.01200
L-CLSC-BULK/FPS.RND.W158.01,CLR-URED328-X,Raw Material,0.00300
L-CLSC-BULK/FPS.RND.W158.01,WARN-BLCK3AS-X,Raw Material,0.00500
L-CLSC-BULK/FPS.RND.W158.01,TITA-OTS2CR50-,Raw Material,0.01000
L-CLSC-BULK/FPS.RND.W158.01,CLR-URED3075-X,Raw Material,0.01900
L-CLSC-BULK/FPS.RND.W158.01,WARN-RED3AS-X,Raw Material,0.03000
L-PTG2-BULK/FPS.RND.M87.00,EUTA-G-X,Raw Material,0.18000
L-PTG2-BULK/FPS.RND.M87.00,SILI-KFFA-X,Raw Material,0.10000
L-PTG2-BULK/FPS.RND.M87.00,SILI-KF54HV-X,Raw Material,0.10000
L-PTG2-BULK/FPS.RND.M87.00,SEPI-305-SF-K,Raw Material,0.03000
L-PTG2-BULK/FPS.RND.M87.00,MOIS-PTVT-X,Raw Material,0.03000
L-PTG2-BULK/FPS.RND.M87.00,FLMR-ELS7P-X,Raw Material,0.02000
L-PTG2-BULK/FPS.RND.M87.00,EMUL-AL21-,Raw Material,0.01000
L-PTG2-BULK/FPS.RND.M87.00,PENG-PHC-X,Raw Material,0.01000
L-PTG2-BULK/FPS.RND.M87.00,ACTI-HDR-X,Raw Material,0.00300
L-PTG2-BULK/FPS.RND.M87.00,ALAN--AK-K,Raw Material,0.00100
L-PTG2-BULK/FPS.RND.M87.00,PARF-VMR-X,Raw Material,0.00100
L-PTG2-BULK/FPS.RND.M87.00,EDT-B--K,Raw Material,0.00050
L-PTG2-BULK/FPS.RND.M87.00,WARN-ALRED-X,Raw Material,0.00080
L-PTG2-BULK/FPS.RND.M87.00,WARN-K7008J-X,Raw Material,0.00050
L-PTG2-BULK/FPS.RND.M87.00,WARN-O025-X,Raw Material,0.00040
L-PTG2-BULK/FPS.RND.M87.00,WARN-K7054J-X,Raw Material,0.00040
L-PTG2-BULK/FPS.RND.M87.00,WARN-BB--K,Raw Material,0.00013
F-EXL01-BULK/FPS.RND.M63.03,SAMP-MKGSNTR-X,Raw Material,0.07000
F-EXL01-BULK/FPS.RND.M63.03,SILI-MCMA-X,Raw Material,0.06130
F-EXL01-BULK/FPS.RND.M63.03,CRO1-ML-,Raw Material,0.04400
F-EXL01-BULK/FPS.RND.M63.03,BENT-BGVS5PC-X,Raw Material,0.03600
F-EXL01-BULK/FPS.RND.M63.03,EMUL-KF68-X,Raw Material,0.03500
F-EXL01-BULK/FPS.RND.M63.03,GLYC--ECOS-K,Raw Material,0.03000
F-EXL01-BULK/FPS.RND.M63.03,SILI-SSFM-X,Raw Material,0.02500
F-EXL01-BULK/FPS.RND.M63.03,SILI-KF54HV-X,Raw Material,0.02200
F-EXL01-BULK/FPS.RND.M63.03,SILI-DCMQ1600-X,Raw Material,0.02200
F-EXL01-BULK/FPS.RND.M63.03,EMU-CPLS-X,Raw Material,0.02000
F-EXL01-BULK/FPS.RND.M63.03,SAMP-DEASB-X,Raw Material,0.02000
F-EXL01-BULK/FPS.RND.M63.03,SOLV-BGKHN-X,Raw Material,0.01500
F-EXL01-BULK/FPS.RND.M63.03,MOIS-TR100-X,Raw Material,0.01500
F-EXL01-BULK/FPS.RND.M63.03,SILI-KFFA-X,Raw Material,0.01400
F-EXL01-BULK/FPS.RND.M63.03,TALC-C-2KPD-X,Raw Material,0.01200
F-EXL01-BULK/FPS.RND.M63.03,EMUL-KF6017-X,Raw Material,0.01200
F-EXL01-BULK/FPS.RND.M63.03,COVB-LH8-,Raw Material,0.01200
F-EXL01-BULK/FPS.RND.M63.03,SILI-SRSPD72-X,Raw Material,0.01000
F-EXL01-BULK/FPS.RND.M63.03,THIC-RMGSO4-X,Raw Material,0.01000
F-EXL01-BULK/FPS.RND.M63.03,SILC-SP500LS-X,Raw Material,0.00800
F-EXL01-BULK/FPS.RND.M63.03,PENG-NPGEHP-X,Raw Material,0.00800
F-EXL01-BULK/FPS.RND.M63.03,SUNP-170-X,Raw Material,0.00500
F-EXL01-BULK/FPS.RND.M63.03,STEA-DSP300-X,Raw Material,0.00500
F-EXL01-BULK/FPS.RND.M63.03,PENG-SYM68-X,Raw Material,0.00300
F-EXL01-BULK/FPS.RND.M63.03,ALAN--AK-K,Raw Material,0.00100
F-EXL01-BULK/FPS.RND.M63.03,EDT-B--K,Raw Material,0.00100
F-EXL01-BULK/FPS.RND.M63.03,TITA-CROTS-X,Raw Material,0.14300
F-EXL01-BULK/FPS.RND.M63.03,SAMP-AS1-LL100P-X,Raw Material,0.03080
F-EXL01-BULK/FPS.RND.M63.03,SAMP-AS1-R516P-X,Raw Material,0.00700
F-EXL01-BULK/FPS.RND.M63.03,SAMP-AS1-BL100P-X,Raw Material,0.00290
SRM-PSHS-BULK/FPS.RND.M88.02,VITA-B3UPPC-X,Raw Material,0.05000
SRM-PSHS-BULK/FPS.RND.M88.02,GLYC--ECOS-K,Raw Material,0.03000
SRM-PSHS-BULK/FPS.RND.M88.02,SYNC-SCL-X,Raw Material,0.02500
SRM-PSHS-BULK/FPS.RND.M88.02,SAMP-HYSGLGR-X,Raw Material,0.02500
SRM-PSHS-BULK/FPS.RND.M88.02,HUM-GLU20-X,Raw Material,0.02000
SRM-PSHS-BULK/FPS.RND.M88.02,PR-ZPRDL-X,Raw Material,0.02000
SRM-PSHS-BULK/FPS.RND.M88.02,SILI-KSGFT-X,Raw Material,0.02000
SRM-PSHS-BULK/FPS.RND.M88.02,PENG-PHC-X,Raw Material,0.00800
SRM-PSHS-BULK/FPS.RND.M88.02,THIC-MK25-X,Raw Material,0.00600
SRM-PSHS-BULK/FPS.RND.M88.02,ALAN--AK-K,Raw Material,0.00500
SRM-PSHS-BULK/FPS.RND.M88.02,EDT-B--K,Raw Material,0.00100
SRM-PSHS-BULK/FPS.RND.M88.02,BIO-HYAL-BIL,Raw Material,0.00100
SRM-PSHS-BULK/FPS.RND.M88.02,SALA-99--K,Raw Material,0.00100
SRM-PSHS-BULK/FPS.RND.M88.02,BENE-K200-X,Raw Material,0.00050
SRM-PSHS-BULK/FPS.RND.M88.02,SAMP-APCAPGA-X,Raw Material,0.00001
SRM-PSHS-BULK/FPS.RND.M88.02,OIL-RBOM-X,Raw Material,0.00001
SRM-PSHS-BULK/FPS.RND.M88.02,WARN-UCGRKJ-X,Raw Material,0.00000
SRM-PSOC-BULK/FPS.RND.M95.00,PR-ZPRDL-X,Raw Material,0.04000
SRM-PSOC-BULK/FPS.RND.M95.00,LAR-SF30-BULK,Intermediate,0.03200
SRM-PSOC-BULK/FPS.RND.M95.00,SAMP-BBRSAR-X,Raw Material,0.02000
SRM-PSOC-BULK/FPS.RND.M95.00,DPG-LO-,Raw Material,0.01000
SRM-PSOC-BULK/FPS.RND.M95.00,PENG-PHC-X,Raw Material,0.01000
SRM-PSOC-BULK/FPS.RND.M95.00,THIC-VZNFC-X,Raw Material,0.00500
SRM-PSOC-BULK/FPS.RND.M95.00,ALAN--AK-K,Raw Material,0.00200
SRM-PSOC-BULK/FPS.RND.M95.00,SAMP-MDCS-X,Raw Material,0.00200
SRM-PSOC-BULK/FPS.RND.M95.00,EDT-B--K,Raw Material,0.00100
SRM-PSOC-BULK/FPS.RND.M95.00,EMUL-DERMSOLP-,Raw Material,0.00050
SRM-PSOC-BULK/FPS.RND.M95.00,OIL-TTOIDS-X,Raw Material,0.00050
SRM-PSOC-BULK/FPS.RND.M95.00,LAR-BE-BULK,Intermediate,0.00284
SRM-PSOC-BULK/FPS.RND.M95.00,WARN-K-BULK,Intermediate,0.00003
SRM-PSOC-BULK/FPS.RND.M95.00,WARN-LT--BULK,Intermediate,0.00001
SRM-PSDS-BULK/FPS.RND.M94.01,ACTI-BWCTA-X,Raw Material,0.06000
SRM-PSDS-BULK/FPS.RND.M94.01,VITA-B3PC-X,Raw Material,0.05000
SRM-PSDS-BULK/FPS.RND.M94.01,PR-ZPRDL-X,Raw Material,0.04000
SRM-PSDS-BULK/FPS.RND.M94.01,ACTI-TXPP-X,Raw Material,0.03000
SRM-PSDS-BULK/FPS.RND.M94.01,HYA-AC511H-X,Raw Material,0.02500
SRM-PSDS-BULK/FPS.RND.M94.01,PENG-PHC-X,Raw Material,0.00800
SRM-PSDS-BULK/FPS.RND.M94.01,THIC-ARAVC-,Raw Material,0.00500
SRM-PSDS-BULK/FPS.RND.M94.01,ALAN--AK-K,Raw Material,0.00200
SRM-PSDS-BULK/FPS.RND.M94.01,EDT-B--K,Raw Material,0.00100
SRM-PSDS-BULK/FPS.RND.M94.01,EMUL-DERMSOLP-,Raw Material,0.00100
SRM-PSDS-BULK/FPS.RND.M94.01,THIC-MK25-X,Raw Material,0.00060
SRM-PSDS-BULK/FPS.RND.M94.01,KOH--PH-K,Raw Material,0.00013
SRM-PSDS-BULK/FPS.RND.M94.01,ACTI-SDMSP-X,Raw Material,0.00010
SRM-PSDS-BULK/FPS.RND.M94.01,ACTI-ALARB-X,Raw Material,0.00010
SRM-PSDS-BULK/FPS.RND.M94.01,SAMP-AA2G-X,Raw Material,0.00002
SRM-PSDS-BULK/FPS.RND.M94.01,PARF-WYM1R-X,Raw Material,0.00001
SRM-PSDS-BULK/FPS.RND.M94.01,LAR-BE-BULK,Intermediate,0.00011
SRM-PSDS-BULK/FPS.RND.M94.01,LAR-WMHTG-BULK,Intermediate,0.00010
SRM-PSDS-BULK/FPS.RND.M94.01,WARN-K-BULK,Intermediate,0.00005
FT-PSTE-BULK/FPS.RND.M90.01,VITA-B3PC-X,Raw Material,0.05000
FT-PSTE-BULK/FPS.RND.M90.01,HUM-GLU20-X,Raw Material,0.01500
FT-PSTE-BULK/FPS.RND.M90.01,MOIS-XYL-X,Raw Material,0.01000
FT-PSTE-BULK/FPS.RND.M90.01,GLYC--ECOS-K,Raw Material,0.01000
FT-PSTE-BULK/FPS.RND.M90.01,PENG-PHC-X,Raw Material,0.00700
FT-PSTE-BULK/FPS.RND.M90.01,EKS-GTLE-X,Raw Material,0.00100
FT-PSTE-BULK/FPS.RND.M90.01,NEUT-LM-X,Raw Material,0.00300
FT-PSTE-BULK/FPS.RND.M90.01,EDT-B--K,Raw Material,0.00100
FT-PSTE-BULK/FPS.RND.M90.01,ALAN--AK-K,Raw Material,0.00100
FT-PSTE-BULK/FPS.RND.M90.01,ASAM-A-CAAH-K,Raw Material,0.00006
FT-PSTE-BULK/FPS.RND.M90.01,EMUL-DERMSOLP-,Raw Material,0.00003
FT-PSTE-BULK/FPS.RND.M90.01,PARF-WYM1R-X,Raw Material,0.00001
FT-PHPRA-BULK/FPS.RND.V13.00,VITA-B3PC-X,Raw Material,0.00001
FT-PHPRA-BULK/FPS.RND.V13.00,ALAN--AK-K,Raw Material,0.00200
FT-PHPRA-BULK/FPS.RND.V13.00,PENG-CLRP-X,Raw Material,0.00100
FT-PHPRA-BULK/FPS.RND.V13.00,AJID-ZN100-X,Raw Material,0.01000
FT-PHPRA-BULK/FPS.RND.V13.00,SAMP-BBRSAR-X,Raw Material,0.02000
FT-PHPRA-BULK/FPS.RND.V13.00,GLYC--ECOS-K,Raw Material,0.01300
FT-PHPRA-BULK/FPS.RND.V13.00,ACTI-HDR-X,Raw Material,0.00700
FT-PHPRA-BULK/FPS.RND.V13.00,HUM-GLU20-X,Raw Material,0.02000
FT-PHPRA-BULK/FPS.RND.V13.00,GLUC--MC,Raw Material,0.01500
FT-PHPRA-BULK/FPS.RND.V13.00,ACTI-SRCM-X,Raw Material,0.01000
FT-PHPRA-BULK/FPS.RND.V13.00,PEN-PRSVPE-X,Raw Material,0.00500
FT-PHPRA-BULK/FPS.RND.V13.00,LAR-SF30-BULK,Intermediate,0.02000
FT-PHPRA-BULK/FPS.RND.V13.00,CLAY-KAOSRG-X,Raw Material,0.00200
FT-PHPRA-BULK/FPS.RND.V13.00,POWD-H53-X,Raw Material,0.00200
HBL-GM-BULK/FPS.RND.L11.00,GLYC--ECOS-K,Raw Material,0.08000
HBL-GM-BULK/FPS.RND.L11.00,OIL-BLWHMO-X,Raw Material,0.04000
HBL-GM-BULK/FPS.RND.L11.00,EMUL-MTVT-X,Raw Material,0.02000
HBL-GM-BULK/FPS.RND.L11.00,PENG-STPHL-X,Raw Material,0.01500
HBL-GM-BULK/FPS.RND.L11.00,VASE-V3150-X,Raw Material,0.01250
HBL-GM-BULK/FPS.RND.L11.00,THIC-SPVE10-X,Raw Material,0.01150
HBL-GM-BULK/FPS.RND.L11.00,SAMP-APCAPGA-X,Raw Material,0.01000
HBL-GM-BULK/FPS.RND.L11.00,SQUA-AMYR-X,Raw Material,0.01000
HBL-GM-BULK/FPS.RND.L11.00,ACTI-RCLRP-X,Raw Material,0.00500
HBL-GM-BULK/FPS.RND.L11.00,KOH--PH-K,Raw Material,0.00027
HBL-GM-BULK/FPS.RND.L11.00,ALAN--AK-K,Raw Material,0.00200
HBL-GM-BULK/FPS.RND.L11.00,SAMP-DPGRZ-X,Raw Material,0.00200
HBL-GM-BULK/FPS.RND.L11.00,PENG-CLRP-X,Raw Material,0.00100
HBL-GM-BULK/FPS.RND.L11.00,EDT-B--K,Raw Material,0.00100
HBL-GM-BULK/FPS.RND.L11.00,ACTI-HAOL-X,Raw Material,0.00030
F-EXL06-BULK/FPS.RND.M89.00,EDT-B--K,Raw Material,0.00100
F-EXL06-BULK/FPS.RND.M89.00,ALAN--AK-K,Raw Material,0.00100
F-EXL06-BULK/FPS.RND.M89.00,PENG-SYM68-X,Raw Material,0.00300
F-EXL06-BULK/FPS.RND.M89.00,BENT-BGVS5PC-X,Raw Material,0.03600
F-EXL06-BULK/FPS.RND.M89.00,MOIS-TR100-X,Raw Material,0.01500
F-EXL06-BULK/FPS.RND.M89.00,CRO1-ML-,Raw Material,0.04400
F-EXL06-BULK/FPS.RND.M89.00,SILI-MCMA-X,Raw Material,0.06130
F-EXL06-BULK/FPS.RND.M89.00,SAMP-MKGSNTR-X,Raw Material,0.07000
F-EXL06-BULK/FPS.RND.M89.00,EMUL-KF68-X,Raw Material,0.03500
F-EXL06-BULK/FPS.RND.M89.00,EMUL-KF6017-X,Raw Material,0.01200
F-EXL06-BULK/FPS.RND.M89.00,THIC-RMGSO4-X,Raw Material,0.01000
F-EXL06-BULK/FPS.RND.M89.00,SILI-SRSPD72-X,Raw Material,0.01000
F-EXL06-BULK/FPS.RND.M89.00,TALC-C-2KPD-X,Raw Material,0.01200
F-EXL06-BULK/FPS.RND.M89.00,GLYC--ECOS-K,Raw Material,0.03000
F-EXL06-BULK/FPS.RND.M89.00,COVB-LH8-,Raw Material,0.01200
F-EXL06-BULK/FPS.RND.M89.00,EMU-CPLS-X,Raw Material,0.02000
F-EXL06-BULK/FPS.RND.M89.00,SILI-KFFA-X,Raw Material,0.01400
F-EXL06-BULK/FPS.RND.M89.00,SOLV-BGKHN-X,Raw Material,0.01500
F-EXL06-BULK/FPS.RND.M89.00,SUNP-170-X,Raw Material,0.00500
F-EXL06-BULK/FPS.RND.M89.00,TITA-CROTS-X,Raw Material,0.14300
F-EXL06-BULK/FPS.RND.M89.00,STEA-DSP300-X,Raw Material,0.00500
F-EXL06-BULK/FPS.RND.M89.00,SILC-SP500LS-X,Raw Material,0.00800
F-EXL06-BULK/FPS.RND.M89.00,PENG-NPGEHP-X,Raw Material,0.00800
F-EXL06-BULK/FPS.RND.M89.00,SAMP-AS1-LL100P-X,Raw Material,0.03080
F-EXL06-BULK/FPS.RND.M89.00,SAMP-DEASB-X,Raw Material,0.02000
F-EXL06-BULK/FPS.RND.M89.00,SILI-DCMQ1600-X,Raw Material,0.02200
F-EXL06-BULK/FPS.RND.M89.00,SAMP-AS1-BL100P-X,Raw Material,0.00290
F-EXL06-BULK/FPS.RND.M89.00,SAMP-AS1-R516P-X,Raw Material,0.00700
F-EXL06-BULK/FPS.RND.M89.00,SILI-KF54HV-X,Raw Material,0.02200
F-EXL06-BULK/FPS.RND.M89.00,SILI-SSFM-X,Raw Material,0.02500
HP-DTHP-BULK/FPS.RND.K29.01,DRYF-PC-X,Raw Material,0.25000
HP-DTHP-BULK/FPS.RND.K29.01,SAMP-AER202-X,Raw Material,0.20000
HP-DTHP-BULK/FPS.RND.K29.01,GLYC--ECOS-K,Raw Material,0.10000
HP-DTHP-BULK/FPS.RND.K29.01,SAMP-LVKVA64P-X,Raw Material,0.02000
HP-DTHP-BULK/FPS.RND.K29.01,SAMP-DNMCD1-X,Raw Material,0.00500
HP-DTHP-BULK/FPS.RND.K29.01,PENG-GL-LON,Raw Material,0.00400
HP-DTHP-BULK/FPS.RND.K29.01,EDT-B--K,Raw Material,0.00100
EB-PBHG-BULK/FPS.RND.M101.02,SAMP-DEASB-X,Raw Material,0.35000
EB-PBHG-BULK/FPS.RND.M101.02,SAMP-LUVK90AT1-X,Raw Material,0.30000
EB-PBHG-BULK/FPS.RND.M101.02,SAMP-PL9540UW-X,Raw Material,0.30000
EB-PBHG-BULK/FPS.RND.M101.02,GLYC--ECOS-K,Raw Material,0.00500
EB-PBHG-BULK/FPS.RND.M101.02,PENG-PHC-X,Raw Material,0.00800
EB-PBHG-BULK/FPS.RND.M101.02,ALAN--AK-K,Raw Material,0.00100
EB-PBHG-BULK/FPS.RND.M101.02,ACTI-WDLS-X,Raw Material,0.00100
EB-PBHG-BULK/FPS.RND.M101.02,EDT-B--K,Raw Material,0.00050
EB-PBHG-BULK/FPS.RND.M101.02,THIC-ARAVC-,Raw Material,0.00080
RD-ETMB-BULK/FPS.RND.ELL003.00,DPG-LO-,Raw Material,0.45000
RD-ETMB-BULK/FPS.RND.ELL003.00,SAMP-MRGBRZ-X,Raw Material,0.25000
RD-ETMB-BULK/FPS.RND.ELL003.00,SAMP-DEASB-X,Raw Material,0.30000
FT-RBST-BULK/FPS.RND.T110.01,VITA-B3UPPC-X,Raw Material,0.02000
FT-RBST-BULK/FPS.RND.T110.01,GLYC--ECOS-K,Raw Material,0.00950
FT-RBST-BULK/FPS.RND.T110.01,PENG-PHC-X,Raw Material,0.00700
FT-RBST-BULK/FPS.RND.T110.01,BETA-A98MR-X,Raw Material,0.00600
FT-RBST-BULK/FPS.RND.T110.01,ALAN--AK-K,Raw Material,0.00100
FT-RBST-BULK/FPS.RND.T110.01,EDT-B--K,Raw Material,0.00100
FT-RBST-BULK/FPS.RND.T110.01,EXTR-SILVBG30-X,Raw Material,0.00100
FT-RBST-BULK/FPS.RND.T110.01,EMUL-DERMSOLP-,Raw Material,0.00020
FT-RBST-BULK/FPS.RND.T110.01,BIO-HYAL-BIL,Raw Material,0.00010
FT-RBST-BULK/FPS.RND.T110.01,PARF-OSLF-SP119881-X,Raw Material,0.00004
FT-RBST-BULK/FPS.RND.T110.01,SAMP-O229PF-X,Raw Material,0.00001
SRM-RBSS-BULK/FPS.RND.T108.01,VITA-B3UPPC-X,Raw Material,0.07000
SRM-RBSS-BULK/FPS.RND.T108.01,GLYC--ECOS-K,Raw Material,0.02500
SRM-RBSS-BULK/FPS.RND.T108.01,CLAI-II-IC-K,Raw Material,0.01800
SRM-RBSS-BULK/FPS.RND.T108.01,MOIS-TR100-X,Raw Material,0.01000
SRM-RBSS-BULK/FPS.RND.T108.01,PEN-PRSVPE-X,Raw Material,0.00800
SRM-RBSS-BULK/FPS.RND.T108.01,THIC-MK25-X,Raw Material,0.00260
SRM-RBSS-BULK/FPS.RND.T108.01,ALAN--AK-K,Raw Material,0.00250
SRM-RBSS-BULK/FPS.RND.T108.01,THIC-VZNFC-X,Raw Material,0.00120
SRM-RBSS-BULK/FPS.RND.T108.01,PENG-CLRP-X,Raw Material,0.00100
SRM-RBSS-BULK/FPS.RND.T108.01,EDT-B--K,Raw Material,0.00100
SRM-RBSS-BULK/FPS.RND.T108.01,EXTR-SILVBG30-X,Raw Material,0.00100
SRM-RBSS-BULK/FPS.RND.T108.01,BIO-HYAL-BIL,Raw Material,0.00020
SRM-RBSS-BULK/FPS.RND.T108.01,SAMP-O229PF-X,Raw Material,0.00001
FW-RBS-BULK/FPS.RND.T109.01,MYRI-SOCI-X,Raw Material,0.22500
FW-RBS-BULK/FPS.RND.T109.01,GLYC--ECOS-K,Raw Material,0.22000
FW-RBS-BULK/FPS.RND.T109.01,KOH--PH-K,Raw Material,0.07629
FW-RBS-BULK/FPS.RND.T109.01,STEA-A-EST05M,Raw Material,0.07000
FW-RBS-BULK/FPS.RND.T109.01,PROP-PGESK-X,Raw Material,0.09000
FW-RBS-BULK/FPS.RND.T109.01,EMUL-PLUP-X,Raw Material,0.04000
FW-RBS-BULK/FPS.RND.T109.01,EMUL-WLALA99-X,Raw Material,0.03000
FW-RBS-BULK/FPS.RND.T109.01,EM-E3201M-X,Raw Material,0.03000
FW-RBS-BULK/FPS.RND.T109.01,EMUL-GMSNSE-X,Raw Material,0.02500
FW-RBS-BULK/FPS.RND.T109.01,OIL-OLV300-X,Raw Material,0.01200
FW-RBS-BULK/FPS.RND.T109.01,CABO-M5-X,Raw Material,0.00500
FW-RBS-BULK/FPS.RND.T109.01,MERQ-MQ550PP-X,Raw Material,0.00500
FW-RBS-BULK/FPS.RND.T109.01,PEN-PRSVPE-X,Raw Material,0.00500
FW-RBS-BULK/FPS.RND.T109.01,VITA-B3UPPC-X,Raw Material,0.00500
FW-RBS-BULK/FPS.RND.T109.01,PARF-AVHR15-X,Raw Material,0.00400
FW-RBS-BULK/FPS.RND.T109.01,ALAN--AK-K,Raw Material,0.00200
FW-RBS-BULK/FPS.RND.T109.01,PANT--DL-K,Raw Material,0.00100
FW-RBS-BULK/FPS.RND.T109.01,EDT-B--K,Raw Material,0.00100
FW-RBS-BULK/FPS.RND.T109.01,KAOL-JP100-X,Raw Material,0.00100
FW-RBS-BULK/FPS.RND.T109.01,EXTR-SILVBG30-X,Raw Material,0.00050
FW-RBS-BULK/FPS.RND.T109.01,EXTR-LCRG-X,Raw Material,0.00010
FW-RBS-BULK/FPS.RND.T109.01,SAMP-O229PF-X,Raw Material,0.00001
REM-RRBSMW-BULK/FPS.RND.T107.01,EMU-GLY767LS-X,Raw Material,0.03000
REM-RRBSMW-BULK/FPS.RND.T107.01,PR-ZPRDL-X,Raw Material,0.01500
REM-RRBSMW-BULK/FPS.RND.T107.01,MOIS-RHH15P-X,Raw Material,0.01000
REM-RRBSMW-BULK/FPS.RND.T107.01,OIL-OLV300-X,Raw Material,0.01000
REM-RRBSMW-BULK/FPS.RND.T107.01,PROP-PGESK-X,Raw Material,0.00800
REM-RRBSMW-BULK/FPS.RND.T107.01,PEN-PRSVPE-X,Raw Material,0.00300
REM-RRBSMW-BULK/FPS.RND.T107.01,PANT--DL-K,Raw Material,0.00200
REM-RRBSMW-BULK/FPS.RND.T107.01,ALAN--AK-K,Raw Material,0.00100
REM-RRBSMW-BULK/FPS.RND.T107.01,EXTR-ALVGE-X,Raw Material,0.00100
REM-RRBSMW-BULK/FPS.RND.T107.01,EXTR-CUMGLY-X,Raw Material,0.00100
REM-RRBSMW-BULK/FPS.RND.T107.01,PEN-RCCB-X,Raw Material,0.00100
REM-RRBSMW-BULK/FPS.RND.T107.01,EDT-B--K,Raw Material,0.00050
REM-RRBSMW-BULK/FPS.RND.T107.01,EXTR-SILVBG30-X,Raw Material,0.00050
REM-RRBSMW-BULK/FPS.RND.T107.01,SAMP-O229PF-X,Raw Material,0.00001
M-RBSC-BULK/FPS.RND.T111.01,STEA-P9218-X,Raw Material,0.13000
M-RBSC-BULK/FPS.RND.T111.01,SILI-345-DC-K,Raw Material,0.06000
M-RBSC-BULK/FPS.RND.T111.01,VITA-B3PC-X,Raw Material,0.05000
M-RBSC-BULK/FPS.RND.T111.01,UVIN-MC80-BASF,Raw Material,0.03500
M-RBSC-BULK/FPS.RND.T111.01,GLYC--ECOS-K,Raw Material,0.03000
M-RBSC-BULK/FPS.RND.T111.01,STEA-A-EST05M,Raw Material,0.02750
M-RBSC-BULK/FPS.RND.T111.01,PR-ZPRDL-X,Raw Material,0.02000
M-RBSC-BULK/FPS.RND.T111.01,SILI-4515-,Raw Material,0.02000
M-RBSC-BULK/FPS.RND.T111.01,CLAI-II-IC-K,Raw Material,0.02000
M-RBSC-BULK/FPS.RND.T111.01,CETY---K,Raw Material,0.01000
M-RBSC-BULK/FPS.RND.T111.01,EMUL-SPCG7-X,Raw Material,0.01000
M-RBSC-BULK/FPS.RND.T111.01,EXTR-SILVBG30-X,Raw Material,0.01000
M-RBSC-BULK/FPS.RND.T111.01,SUNS-PR340-X,Raw Material,0.00500
M-RBSC-BULK/FPS.RND.T111.01,SEPP-S400-,Raw Material,0.00500
M-RBSC-BULK/FPS.RND.T111.01,PENG-PNX-X,Raw Material,0.00500
M-RBSC-BULK/FPS.RND.T111.01,TITA-CROTS-X,Raw Material,0.00400
M-RBSC-BULK/FPS.RND.T111.01,PARS-1789-,Raw Material,0.00400
M-RBSC-BULK/FPS.RND.T111.01,PENG-CLRP-X,Raw Material,0.00300
M-RBSC-BULK/FPS.RND.T111.01,KOH--PH-K,Raw Material,0.00140
M-RBSC-BULK/FPS.RND.T111.01,VITA-DL E-MS,Raw Material,0.00100
M-RBSC-BULK/FPS.RND.T111.01,ALAN--AK-K,Raw Material,0.00100
M-RBSC-BULK/FPS.RND.T111.01,PARF-AVHR15-X,Raw Material,0.00020
M-RBSC-BULK/FPS.RND.T111.01,SAMP-O229PF-X,Raw Material,0.00001
M-RBSTUC-BULK/FPS.DND.T112.01,TITA-CROTS-X,Raw Material,0.02500
M-RBSTUC-BULK/FPS.DND.T112.01,MATS-MCM100-X,Raw Material,0.02100
M-RBSTUC-BULK/FPS.DND.T112.01,PROP-PGESK-X,Raw Material,0.02000
M-RBSTUC-BULK/FPS.DND.T112.01,UVIN-MC80-BASF,Raw Material,0.02000
M-RBSTUC-BULK/FPS.DND.T112.01,VITA-B3PC-X,Raw Material,0.02000
M-RBSTUC-BULK/FPS.DND.T112.01,SEPI-305-SF-K,Raw Material,0.01600
M-RBSTUC-BULK/FPS.DND.T112.01,ARLA-165--K,Raw Material,0.01100
M-RBSTUC-BULK/FPS.DND.T112.01,STEA-A-EST05M,Raw Material,0.01100
M-RBSTUC-BULK/FPS.DND.T112.01,SILI-2005-DC-K,Raw Material,0.01000
M-RBSTUC-BULK/FPS.DND.T112.01,PENG-PHC-X,Raw Material,0.00800
M-RBSTUC-BULK/FPS.DND.T112.01,ALAN--AK-K,Raw Material,0.00500
M-RBSTUC-BULK/FPS.DND.T112.01,CETY---K,Raw Material,0.00500
M-RBSTUC-BULK/FPS.DND.T112.01,TOSP-2000B-X,Raw Material,0.00400
M-RBSTUC-BULK/FPS.DND.T112.01,SUNS-PR340-X,Raw Material,0.00300
M-RBSTUC-BULK/FPS.DND.T112.01,PARS-1789-,Raw Material,0.00250
M-RBSTUC-BULK/FPS.DND.T112.01,SILI-SFE-GE,Raw Material,0.00200
M-RBSTUC-BULK/FPS.DND.T112.01,PANT--DL-K,Raw Material,0.00100
M-RBSTUC-BULK/FPS.DND.T112.01,EDT-B--K,Raw Material,0.00100
M-RBSTUC-BULK/FPS.DND.T112.01,VITA-DL E-MS,Raw Material,0.00100
M-RBSTUC-BULK/FPS.DND.T112.01,PARF-AVHR15-X,Raw Material,0.00025
M-RBSTUC-BULK/FPS.DND.T112.01,CLAI-II-IC-K,Raw Material,0.00010
M-RBSTUC-BULK/FPS.DND.T112.01,EXTR-SILVBG30-X,Raw Material,0.00010
M-RBSTUC-BULK/FPS.DND.T112.01,SAMP-O229PF-X,Raw Material,0.00001
M-RBSTUC-BULK/FPS.DND.T112.01,LAR-WMHTG-BULK,Intermediate,0.00050
M-RBSTUC-BULK/FPS.DND.T112.01,CLR-CWRSW-X,Raw Material,0.00005
SRM-ASB-BULK/FPS.DND.V16.03,BEN-BEN-WT,Raw Material,0.11000
SRM-ASB-BULK/FPS.DND.V16.03,GLYC--ECOS-K,Raw Material,0.08000
SRM-ASB-BULK/FPS.DND.V16.03,CLAY-KAOSRG-X,Raw Material,0.05000
SRM-ASB-BULK/FPS.DND.V16.03,PROP-PGESK-X,Raw Material,0.05000
SRM-ASB-BULK/FPS.DND.V16.03,TITA--3328EW-K,Raw Material,0.04000
SRM-ASB-BULK/FPS.DND.V16.03,PR-ZPRDL-X,Raw Material,0.03000
SRM-ASB-BULK/FPS.DND.V16.03,SODA-C-ASA,Raw Material,0.00050
SRM-ASB-BULK/FPS.DND.V16.03,ASAM-SCAD-X,Raw Material,0.02000
SRM-ASB-BULK/FPS.DND.V16.03,ACTI-MEBSA-X,Raw Material,0.01000
SRM-ASB-BULK/FPS.DND.V16.03,SAMP-BBBIONTMB-X,Raw Material,0.01000
SRM-ASB-BULK/FPS.DND.V16.03,SAMP-PANGINEX-X,Raw Material,0.01000
SRM-ASB-BULK/FPS.DND.V16.03,THIC-VZNFC-X,Raw Material,0.01000
SRM-ASB-BULK/FPS.DND.V16.03,PENG-PHC-X,Raw Material,0.00800
SRM-ASB-BULK/FPS.DND.V16.03,ARLA-165--K,Raw Material,0.00500
SRM-ASB-BULK/FPS.DND.V16.03,SALA-99--K,Raw Material,0.00300
SRM-ASB-BULK/FPS.DND.V16.03,ALAN--AK-K,Raw Material,0.00200
SRM-ASB-BULK/FPS.DND.V16.03,EDT-B--K,Raw Material,0.00100
SRM-MHA-BULK/FPS.DND.V15.01,GLYC--ECOS-K,Raw Material,0.05000
SRM-MHA-BULK/FPS.DND.V15.01,VITA-B3PC-X,Raw Material,0.04000
SRM-MHA-BULK/FPS.DND.V15.01,PR-ZPRDL-X,Raw Material,0.04000
SRM-MHA-BULK/FPS.DND.V15.01,ACTI-ALARB-X,Raw Material,0.02000
SRM-MHA-BULK/FPS.DND.V15.01,MOIS-TR100-X,Raw Material,0.02000
SRM-MHA-BULK/FPS.DND.V15.01,SAMP-PPTVBR-X,Raw Material,0.01000
SRM-MHA-BULK/FPS.DND.V15.01,DPG-LO-,Raw Material,0.01000
SRM-MHA-BULK/FPS.DND.V15.01,PENG-PHC-X,Raw Material,0.00800
SRM-MHA-BULK/FPS.DND.V15.01,THIC-VZNFC-X,Raw Material,0.00230
SRM-MHA-BULK/FPS.DND.V15.01,CELL-HHRP-X,Raw Material,0.00150
SRM-MHA-BULK/FPS.DND.V15.01,ACTI-SDMSP-X,Raw Material,0.00100
SRM-MHA-BULK/FPS.DND.V15.01,SAMP-PANGINEX-X,Raw Material,0.00100
SRM-MHA-BULK/FPS.DND.V15.01,EDT-B--K,Raw Material,0.00100
SRM-MHA-BULK/FPS.DND.V15.01,ACTI-HAOL-X,Raw Material,0.00030
SRM-MHA-BULK/FPS.DND.V15.01,AMP-95--K,Raw Material,0.00020
SS-UVSDSIF-BULK/FPS.RND.W284.02,UVIN-MC80-BASF,Raw Material,0.07000
SS-UVSDSIF-BULK/FPS.RND.W284.02,VITA-B3PC-X,Raw Material,0.02000
SS-UVSDSIF-BULK/FPS.RND.W284.02,SAMP-SUNCMTA-X,Raw Material,0.02000
SS-UVSDSIF-BULK/FPS.RND.W284.02,PARS-1789-,Raw Material,0.01000
SS-UVSDSIF-BULK/FPS.RND.W284.02,SUNS-PR340-X,Raw Material,0.01000
SS-UVSDSIF-BULK/FPS.RND.W284.02,PENG-PHC-X,Raw Material,0.00800
SS-UVSDSIF-BULK/FPS.RND.W284.02,EMU-MTV6-X,Raw Material,0.00800
SS-UVSDSIF-BULK/FPS.RND.W284.02,SILI-556-DC-K,Raw Material,0.01300
SS-UVSDSIF-BULK/FPS.RND.W284.02,CARB-UT21P-X,Raw Material,0.00350
SS-UVSDSIF-BULK/FPS.RND.W284.02,AMP-95--K,Raw Material,0.00320
SS-UVSDSIF-BULK/FPS.RND.W284.02,ALAN--AK-K,Raw Material,0.00150
SS-UVSDSIF-BULK/FPS.RND.W284.02,EDT-B--K,Raw Material,0.00100
SS-UVSDSIF-BULK/FPS.RND.W284.02,XANT---K,Raw Material,0.00100
SS-UVSDSIF-BULK/FPS.RND.W284.02,PARF-C072-GIV,Raw Material,0.00075
SS-UVSDSIF-BULK/FPS.RND.W284.02,THIC-NDXTP-X,Raw Material,0.00001
SS-UVSDSIF-BULK/FPS.RND.W284.02,CLAI-II-IC-K,Raw Material,0.00001
SS-UVSAMSF-BULK/FPS.RND.W288.02,SAMP-HBDAE-X,Raw Material,0.07000
SS-UVSAMSF-BULK/FPS.RND.W288.02,UVIN-MC80-BASF,Raw Material,0.06000
SS-UVSAMSF-BULK/FPS.RND.W288.02,SUNS-PR340-X,Raw Material,0.04000
SS-UVSAMSF-BULK/FPS.RND.W288.02,SILI-4515-,Raw Material,0.03000
SS-UVSAMSF-BULK/FPS.RND.W288.02,SAMP-SUNCMTA-X,Raw Material,0.02000
SS-UVSAMSF-BULK/FPS.RND.W288.02,PARS-1789-,Raw Material,0.01500
SS-UVSAMSF-BULK/FPS.RND.W288.02,DPG-LO-,Raw Material,0.01000
SS-UVSAMSF-BULK/FPS.RND.W288.02,EMUL-MTVT-X,Raw Material,0.00750
SS-UVSAMSF-BULK/FPS.RND.W288.02,PENG-PHC-X,Raw Material,0.00800
SS-UVSAMSF-BULK/FPS.RND.W288.02,THIC-ARAVC-,Raw Material,0.00700
SS-UVSAMSF-BULK/FPS.RND.W288.02,SAMP-CRNGW-X,Raw Material,0.00200
SS-UVSAMSF-BULK/FPS.RND.W288.02,ALAN--AK-K,Raw Material,0.00150
SS-UVSAMSF-BULK/FPS.RND.W288.02,ACTI-RYKA-X,Raw Material,0.00100
SS-UVSAMSF-BULK/FPS.RND.W288.02,SAMP-BERACLAY-X,Raw Material,0.00250
SS-UVSAMSF-BULK/FPS.RND.W288.02,EDT-B--K,Raw Material,0.00100
SS-UVSAMSF-BULK/FPS.RND.W288.02,ACTI-HXCTEC-X,Raw Material,0.00100
SS-UVSAMSF-BULK/FPS.RND.W288.02,ACTI-APLR-X,Raw Material,0.00100
SS-UVSAMSF-BULK/FPS.RND.W288.02,PARF-C072-GIV,Raw Material,0.00050
SS-UVSAMSF-BULK/FPS.RND.W288.02,XANT---K,Raw Material,0.00080
SS-UVSAMSF-BULK/FPS.RND.W288.02,LAR-BE-BULK,Intermediate,0.01200
SS-UVSAMSF-BULK/FPS.RND.W288.02,WARN-K-BULK,Intermediate,0.00050
SS-UVSAFEIF-BULK/FPS.RND.W288.01,UVIN-MC80-BASF,Raw Material,0.06000
SS-UVSAFEIF-BULK/FPS.RND.W288.01,SAMP-SUNCMTA-X,Raw Material,0.05000
SS-UVSAFEIF-BULK/FPS.RND.W288.01,SILI-556-DC-K,Raw Material,0.03000
SS-UVSAFEIF-BULK/FPS.RND.W288.01,PR-ZPRDL-X,Raw Material,0.02000
SS-UVSAFEIF-BULK/FPS.RND.W288.01,HALL-BHB-X,Raw Material,0.01500
SS-UVSAFEIF-BULK/FPS.RND.W288.01,THIC-MNTVL-X,Raw Material,0.01500
SS-UVSAFEIF-BULK/FPS.RND.W288.01,PARS-1789-,Raw Material,0.01000
SS-UVSAFEIF-BULK/FPS.RND.W288.01,SUNS-PR340-X,Raw Material,0.01000
SS-UVSAFEIF-BULK/FPS.RND.W288.01,PENG-PHC-X,Raw Material,0.00800
SS-UVSAFEIF-BULK/FPS.RND.W288.01,LAR-KOH30%-BULK,Intermediate,0.00330
SS-UVSAFEIF-BULK/FPS.RND.W288.01,ACTI-RYKA-X,Raw Material,0.00500
SS-UVSAFEIF-BULK/FPS.RND.W288.01,ORGA-EXD-ARK,Raw Material,0.00500
SS-UVSAFEIF-BULK/FPS.RND.W288.01,EMUL-PMLEZU-X,Raw Material,0.00230
SS-UVSAFEIF-BULK/FPS.RND.W288.01,ALAN--AK-K,Raw Material,0.00200
SS-UVSAFEIF-BULK/FPS.RND.W288.01,SAMP-DPGRZ-X,Raw Material,0.00200
SS-UVSAFEIF-BULK/FPS.RND.W288.01,SAMP-CRNGW-X,Raw Material,0.00200
SS-UVSAFEIF-BULK/FPS.RND.W288.01,PARF-C072-GIV,Raw Material,0.00050
SS-UVSAFEIF-BULK/FPS.RND.W288.01,ACTI-AICE06-X,Raw Material,0.00100
SS-UVSAFEIF-BULK/FPS.RND.W288.01,THIC-NDXTP-X,Raw Material,0.00010
SS-UVSAFEIF-BULK/FPS.RND.W288.01,SAMP-OXYWTRL-X,Raw Material,0.00001
HS-NSNPN-BULK/FPS.RND.W293.00,SAMP-DEASB-X,Raw Material,0.84600
HS-NSNPN-BULK/FPS.RND.W293.00,GLYC--ECOS-K,Raw Material,0.04000
HS-NSNPN-BULK/FPS.RND.W293.00,ACTI-AVG10X-X,Raw Material,0.00100
D-RRO-BULK/FPS.RND.K34.02,ALUM--ACH-K,Raw Material,0.20000
D-RRO-BULK/FPS.RND.K34.02,EMUL-SPBS2-X,Raw Material,0.03900
D-RRO-BULK/FPS.RND.K34.02,PROP-PGESK-X,Raw Material,0.03000
D-RRO-BULK/FPS.RND.K34.02,EMO-ARLPS15E-X,Raw Material,0.02500
D-RRO-BULK/FPS.RND.K34.02,EMUL-BS721-X,Raw Material,0.01100
D-RRO-BULK/FPS.RND.K34.02,SILI-2005-DC-K,Raw Material,0.00950
D-RRO-BULK/FPS.RND.K34.02,SAMP-WSST1-X,Raw Material,0.00900
D-RRO-BULK/FPS.RND.K34.02,CRO1-GTCC-,Raw Material,0.00800
D-RRO-BULK/FPS.RND.K34.02,PENG-PHC-X,Raw Material,0.00800
D-RRO-BULK/FPS.RND.K34.02,ACTI-RNCC-X,Raw Material,0.00500
D-RRO-BULK/FPS.RND.K34.02,ALAN--AK-K,Raw Material,0.00200
D-RRO-BULK/FPS.RND.K34.02,BHT-CRTL-X,Raw Material,0.00150
D-RRO-BULK/FPS.RND.K34.02,EXTR-LCRG-X,Raw Material,0.00150
D-RRO-BULK/FPS.RND.K34.02,MENT--CEPB-K,Raw Material,0.00050
D-RRO-BULK/FPS.RND.K34.02,SAMP-SPM3-X,Raw Material,0.00010
D-RRO-BULK/FPS.RND.K34.02,EXTR-PHTSGE-X,Raw Material,0.00001
D-RRO-BULK/FPS.RND.K34.02,AJID-ZN100-X,Raw Material,0.00001
SS-UVFM-BULK/FPS.RND.G28.00 (Versi 2),SAMP-SUNCMTA-X,Raw Material,0.09000
SS-UVFM-BULK/FPS.RND.G28.00 (Versi 2),MATS-MCM100-X,Raw Material,0.02000
SS-UVFM-BULK/FPS.RND.G28.00 (Versi 2),PR-ZPRDL-X,Raw Material,0.02000
SS-UVFM-BULK/FPS.RND.G28.00 (Versi 2),UVIN-MC80-BASF,Raw Material,0.01500
SS-UVFM-BULK/FPS.RND.G28.00 (Versi 2),THIC-MNTVL-X,Raw Material,0.01500
SS-UVFM-BULK/FPS.RND.G28.00 (Versi 2),EXTR-LCRG-X,Raw Material,0.01000
SS-UVFM-BULK/FPS.RND.G28.00 (Versi 2),SAMP-SREM605-X,Raw Material,0.01000
SS-UVFM-BULK/FPS.RND.G28.00 (Versi 2),PENG-PHC-X,Raw Material,0.00800
SS-UVFM-BULK/FPS.RND.G28.00 (Versi 2),ORGA-EXD-ARK,Raw Material,0.00500
SS-UVFM-BULK/FPS.RND.G28.00 (Versi 2),VITA-B3PC-X,Raw Material,0.00500
SS-UVFM-BULK/FPS.RND.G28.00 (Versi 2),PARS-1789-,Raw Material,0.00400
SS-UVFM-BULK/FPS.RND.G28.00 (Versi 2),EMUL-PMLEZU-X,Raw Material,0.00230
SS-UVFM-BULK/FPS.RND.G28.00 (Versi 2),ALAN--AK-K,Raw Material,0.00200
SS-UVFM-BULK/FPS.RND.G28.00 (Versi 2),SUNS-PRSHD-X,Raw Material,0.00200
SS-UVFM-BULK/FPS.RND.G28.00 (Versi 2),EXTR-PCGD2SG-X,Raw Material,0.00100
SS-UVFM-BULK/FPS.RND.G28.00 (Versi 2),STAY--DSMR-K,Raw Material,0.00100
SS-UVFM-BULK/FPS.RND.G28.00 (Versi 2),KOH--PH-K,Raw Material,0.00099
SS-UVFM-BULK/FPS.RND.G28.00 (Versi 2),VITA-DL E-MS,Raw Material,0.00050
SS-UVFM-BULK/FPS.RND.G28.00 (Versi 2),PARF-PCGD2SG-X,Raw Material,0.00045
SS-UVFM-BULK/FPS.RND.G28.00 (Versi 2),PARF-AMSKLG-X,Raw Material,0.00030
D-RO01-BULK/FPS.RND.K35.00,ALUM--ACH-K,Raw Material,0.20000
D-RO01-BULK/FPS.RND.K35.00,EMUL-SPBS2-X,Raw Material,0.03350
D-RO01-BULK/FPS.RND.K35.00,PROP-PGESK-X,Raw Material,0.02750
D-RO01-BULK/FPS.RND.K35.00,EMO-ARLPS15E-X,Raw Material,0.02500
D-RO01-BULK/FPS.RND.K35.00,SILI-2005-DC-K,Raw Material,0.01700
D-RO01-BULK/FPS.RND.K35.00,EMUL-BS721-X,Raw Material,0.01650
D-RO01-BULK/FPS.RND.K35.00,PENG-PHC-X,Raw Material,0.00800
D-RO01-BULK/FPS.RND.K35.00,SAMP-CPST1-X,Raw Material,0.00800
D-RO01-BULK/FPS.RND.K35.00,OIL-OLV300-X,Raw Material,0.00750
D-RO01-BULK/FPS.RND.K35.00,ACTI-RNCC-X,Raw Material,0.00500
D-RO01-BULK/FPS.RND.K35.00,ALAN--AK-K,Raw Material,0.00200
D-RO01-BULK/FPS.RND.K35.00,MENT--CEPB-K,Raw Material,0.00180
D-RO01-BULK/FPS.RND.K35.00,BHT-CRTL-X,Raw Material,0.00150
D-RO01-BULK/FPS.RND.K35.00,EXTR-LCRG-X,Raw Material,0.00150
D-RO01-BULK/FPS.RND.K35.00,AJID-ZN100-X,Raw Material,0.00001
D-RO01-BULK/FPS.RND.K35.00,EXTR-CMRCCMT-X,Raw Material,0.00001
EB-RDMCL-BULK/FPS.RND.M106.00,SILI-BDP-X,Raw Material,0.25050
EB-RDMCL-BULK/FPS.RND.M106.00,BENT-BGVS5PC-X,Raw Material,0.23500
EB-RDMCL-BULK/FPS.RND.M106.00,EMO-TSPLT-X,Raw Material,0.06000
EB-RDMCL-BULK/FPS.RND.M106.00,MWAX-SP19-X,Raw Material,0.06000
EB-RDMCL-BULK/FPS.RND.M106.00,FLMR-AV2F-X,Raw Material,0.05000
EB-RDMCL-BULK/FPS.RND.M106.00,SILI-DCMQ1600-X,Raw Material,0.05000
EB-RDMCL-BULK/FPS.RND.M106.00,WAX-SBWX--X,Raw Material,0.03000
EB-RDMCL-BULK/FPS.RND.M106.00,WAX-CW--K,Raw Material,0.03000
EB-RDMCL-BULK/FPS.RND.M106.00,FIBR-NFCB-X,Raw Material,0.02500
EB-RDMCL-BULK/FPS.RND.M106.00,MC3-30-SF,Raw Material,0.02000
EB-RDMCL-BULK/FPS.RND.M106.00,COSM-43V--K,Raw Material,0.01500
EB-RDMCL-BULK/FPS.RND.M106.00,HAIM-DIS-X,Raw Material,0.01500
EB-RDMCL-BULK/FPS.RND.M106.00,SILI-KP56P-X,Raw Material,0.01000
EB-RDMCL-BULK/FPS.RND.M106.00,SAMP-BRB423-X,Raw Material,0.01000
EB-RDMCL-BULK/FPS.RND.M106.00,SILC-AERSLR-X,Raw Material,0.01000
EB-RDMCL-BULK/FPS.RND.M106.00,POWD-H53-X,Raw Material,0.01000
EB-RDMCL-BULK/FPS.RND.M106.00,COVB-LH8-,Raw Material,0.01000
EB-RDMCL-BULK/FPS.RND.M106.00,PEN-PRSVPE-X,Raw Material,0.00800
EB-RDMCL-BULK/FPS.RND.M106.00,EMO-SLCHS-X,Raw Material,0.00500
EB-RDMCL-BULK/FPS.RND.M106.00,PEN-SENSC50-X,Raw Material,0.00400
EB-RDMCL-BULK/FPS.RND.M106.00,ACTI-TINTT-X,Raw Material,0.00100
EB-RDMCL-BULK/FPS.RND.M106.00,ACTI-WDLS-X,Raw Material,0.00100
EB-RDMCL-BULK/FPS.RND.M106.00,VIT-ATCAT-X,Raw Material,0.00050
EB-RDMCL-BULK/FPS.RND.M106.00,WARN-ABIO-X,Raw Material,0.04900
EB-RDMCL-BULK/FPS.RND.M106.00,TITA-OTS2CR50-,Raw Material,0.01500
EB-RDMCL-BULK/FPS.RND.M106.00,WARN-C338--K,Raw Material,0.00800
EB-RDMCL-BULK/FPS.RND.M106.00,WARN-C335138--K,Raw Material,0.00800
M-CSGN-BULK/FPS.RND.QB10.00,VITA-B3PC-X,Raw Material,0.05000
M-CSGN-BULK/FPS.RND.QB10.00,MATR-3000-X,Raw Material,0.03000
M-CSGN-BULK/FPS.RND.QB10.00,ACTI-IVLNC-X,Raw Material,0.02000
M-CSGN-BULK/FPS.RND.QB10.00,SILI-2005-DC-K,Raw Material,0.02000
M-CSGN-BULK/FPS.RND.QB10.00,SAMP-SYNCLF-X,Raw Material,0.02000
M-CSGN-BULK/FPS.RND.QB10.00,PENG-STPHL-X,Raw Material,0.01800
M-CSGN-BULK/FPS.RND.QB10.00,DPG-LO-,Raw Material,0.01500
M-CSGN-BULK/FPS.RND.QB10.00,SQUA-AMYR-X,Raw Material,0.01500
M-CSGN-BULK/FPS.RND.QB10.00,EMU-MTV6-X,Raw Material,0.01000
M-CSGN-BULK/FPS.RND.QB10.00,MOIS-TR100-X,Raw Material,0.01000
M-CSGN-BULK/FPS.RND.QB10.00,SNSP-SIH51-X,Raw Material,0.01000
M-CSGN-BULK/FPS.RND.QB10.00,SILI-DC9045-X,Raw Material,0.01000
M-CSGN-BULK/FPS.RND.QB10.00,EMUL-LCG-X,Raw Material,0.00700
M-CSGN-BULK/FPS.RND.QB10.00,ARMO-HD--K,Raw Material,0.00500
M-CSGN-BULK/FPS.RND.QB10.00,FUCO-15PSLB-X,Raw Material,0.00500
M-CSGN-BULK/FPS.RND.QB10.00,ALAN--AK-K,Raw Material,0.00300
M-CSGN-BULK/FPS.RND.QB10.00,IPM-CRDSG-X,Raw Material,0.00300
M-CSGN-BULK/FPS.RND.QB10.00,ACTI-RBN-X,Raw Material,0.00200
M-CSGN-BULK/FPS.RND.QB10.00,EDT-DSLV-X,Raw Material,0.00200
M-CSGN-BULK/FPS.RND.QB10.00,LAR-KOH30%-BULK,Intermediate,0.00120
M-CSGN-BULK/FPS.RND.QB10.00,PENG-CLRP-X,Raw Material,0.00100
M-CSGN-BULK/FPS.RND.QB10.00,RHM-DREIA-X,Raw Material,0.00100
M-CSGN-BULK/FPS.RND.QB10.00,PARF-WT155-,Raw Material,0.00080
M-CSGN-BULK/FPS.RND.QB10.00,BIO-HYAL-BIL,Raw Material,0.00010
SS-SBAS-BULK/FPS.RND.T115.00,SAMP-SUNCMTA-X,Raw Material,0.10000
SS-SBAS-BULK/FPS.RND.T115.00,VITA-B3PC-X,Raw Material,0.04000
SS-SBAS-BULK/FPS.RND.T115.00,ACTI-MEBSA-X,Raw Material,0.01000
SS-SBAS-BULK/FPS.RND.T115.00,PENG-PHC-X,Raw Material,0.01000
SS-SBAS-BULK/FPS.RND.T115.00,GLYC--ECOS-K,Raw Material,0.00750
SS-SBAS-BULK/FPS.RND.T115.00,AGF-9051-X,Raw Material,0.00750
SS-SBAS-BULK/FPS.RND.T115.00,CARB-UT21P-X,Raw Material,0.00370
SS-SBAS-BULK/FPS.RND.T115.00,SOLP-100LQ-X,Raw Material,0.00300
SS-SBAS-BULK/FPS.RND.T115.00,AMP-95--K,Raw Material,0.00280
SS-SBAS-BULK/FPS.RND.T115.00,ASAM-SCAD-X,Raw Material,0.00100
SS-SBAS-BULK/FPS.RND.T115.00,ALAN--AK-K,Raw Material,0.00100
SS-SBAS-BULK/FPS.RND.T115.00,EDT-DSLV-X,Raw Material,0.00050
D-RO02-BULK/FPS.RND.K33.03,ALUM--ACH-K,Raw Material,0.20000
D-RO02-BULK/FPS.RND.K33.03,EMUL-SPBS2-X,Raw Material,0.03900
D-RO02-BULK/FPS.RND.K33.03,PROP-PGESK-X,Raw Material,0.03000
D-RO02-BULK/FPS.RND.K33.03,EMO-ARLPS15E-X,Raw Material,0.02500
D-RO02-BULK/FPS.RND.K33.03,EMUL-BS721-X,Raw Material,0.01100
D-RO02-BULK/FPS.RND.K33.03,SILI-2005-DC-K,Raw Material,0.00950
D-RO02-BULK/FPS.RND.K33.03,SAMP-EHFMOD2-X,Raw Material,0.00900
D-RO02-BULK/FPS.RND.K33.03,CRO1-GTCC-,Raw Material,0.00800
D-RO02-BULK/FPS.RND.K33.03,PENG-PHC-X,Raw Material,0.00800
D-RO02-BULK/FPS.RND.K33.03,ACTI-RNCC-X,Raw Material,0.00500
D-RO02-BULK/FPS.RND.K33.03,ALAN--AK-K,Raw Material,0.00200
D-RO02-BULK/FPS.RND.K33.03,BHT-CRTL-X,Raw Material,0.00150
D-RO02-BULK/FPS.RND.K33.03,EXTR-LCRG-X,Raw Material,0.00150
D-RO02-BULK/FPS.RND.K33.03,MENT--CEPB-K,Raw Material,0.00050
D-RO02-BULK/FPS.RND.K33.03,AHA-MFE-X,Raw Material,0.00001
D-RO02-BULK/FPS.RND.K33.03,AJID-ZN100-X,Raw Material,0.00001
D-RO02-BULK/FPS.RND.K33.03,CHA-CRPD-X,Raw Material,0.00000
T-CSHT-BULK/FPS.RND.QB11.00,EXTR-RW-R-X,Raw Material,0.15000
T-CSHT-BULK/FPS.RND.QB11.00,GLYC--ECOS-K,Raw Material,0.03000
T-CSHT-BULK/FPS.RND.QB11.00,FUCO-15PSLB-X,Raw Material,0.03000
T-CSHT-BULK/FPS.RND.QB11.00,PR-ZPRDL-X,Raw Material,0.02500
T-CSHT-BULK/FPS.RND.QB11.00,ACTI-HXCTEC-X,Raw Material,0.02000
T-CSHT-BULK/FPS.RND.QB11.00,BAH-LUVIK30P-X,Raw Material,0.01000
T-CSHT-BULK/FPS.RND.QB11.00,PENG-PHC-X,Raw Material,0.00800
T-CSHT-BULK/FPS.RND.QB11.00,ACTI-IVLNC-X,Raw Material,0.00500
T-CSHT-BULK/FPS.RND.QB11.00,SAMP-DPGRZ-X,Raw Material,0.00200
T-CSHT-BULK/FPS.RND.QB11.00,ALAN--AK-K,Raw Material,0.00100
T-CSHT-BULK/FPS.RND.QB11.00,EDT-B--K,Raw Material,0.00100
T-CSHT-BULK/FPS.RND.QB11.00,EMUL-DERMSOLP-,Raw Material,0.00050
T-CSHT-BULK/FPS.RND.QB11.00,PARF-WGTIMP-X,Raw Material,0.00005
SRM-OI-BULK/FPS.RND.GR013.02,VITA-B3PC-X,Raw Material,0.05000
SRM-OI-BULK/FPS.RND.GR013.02,PR-ZPRDL-X,Raw Material,0.03000
SRM-OI-BULK/FPS.RND.GR013.02,MOIS-TR100-X,Raw Material,0.02000
SRM-OI-BULK/FPS.RND.GR013.02,EXTR-SILVBG30-X,Raw Material,0.01000
SRM-OI-BULK/FPS.RND.GR013.02,GLYC--ECOS-K,Raw Material,0.01000
SRM-OI-BULK/FPS.RND.GR013.02,SAMP-SPM3-X,Raw Material,0.01000
SRM-OI-BULK/FPS.RND.GR013.02,SAMP-DAWNPSC-X,Raw Material,0.01000
SRM-OI-BULK/FPS.RND.GR013.02,SAMP-OXYWTRL-X,Raw Material,0.01000
SRM-OI-BULK/FPS.RND.GR013.02,PEN-PRSVPE-X,Raw Material,0.00800
SRM-OI-BULK/FPS.RND.GR013.02,LAR-KOH30%-BULK,Intermediate,0.00486
SRM-OI-BULK/FPS.RND.GR013.02,CARB-UT20-X,Raw Material,0.00300
SRM-OI-BULK/FPS.RND.GR013.02,THIC-ARAVC-,Raw Material,0.00200
SRM-OI-BULK/FPS.RND.GR013.02,ALAN--AK-K,Raw Material,0.00100
SRM-OI-BULK/FPS.RND.GR013.02,EDT-B--K,Raw Material,0.00100
SRM-OI-BULK/FPS.RND.GR013.02,EMUL-DERMSOLP-,Raw Material,0.00100
SRM-OI-BULK/FPS.RND.GR013.02,PENG-CLRP-X,Raw Material,0.00100
SRM-OI-BULK/FPS.RND.GR013.02,BIO-HYAL-BIL,Raw Material,0.00025
SRM-OI-BULK/FPS.RND.GR013.02,MENT-FRGHS-X,Raw Material,0.00020
SRM-OI-BULK/FPS.RND.GR013.02,PARF-GRVYGA-X,Raw Material,0.00015
SRM-OI-BULK/FPS.RND.GR013.02,ACTI-GRPLMD-X,Raw Material,0.00001
SRM-MP-BULK/FPS.RND.GR014.00,GLYA-THA99-X,Raw Material,0.10000
SRM-MP-BULK/FPS.RND.GR014.00,PANT--DL-K,Raw Material,0.05000
SRM-MP-BULK/FPS.RND.GR014.00,HUM-GLU20-X,Raw Material,0.05000
SRM-MP-BULK/FPS.RND.GR014.00,GLYC--ECOS-K,Raw Material,0.05000
SRM-MP-BULK/FPS.RND.GR014.00,KOH--PH-K,Raw Material,0.05000
SRM-MP-BULK/FPS.RND.GR014.00,FUCO-15PSLB-X,Raw Material,0.03000
SRM-MP-BULK/FPS.RND.GR014.00,PR-ZPRDL-X,Raw Material,0.03000
SRM-MP-BULK/FPS.RND.GR014.00,SAMP-SPPPN20-X,Raw Material,0.02000
SRM-MP-BULK/FPS.RND.GR014.00,SEPI-SPMXZ-X,Raw Material,0.01500
SRM-MP-BULK/FPS.RND.GR014.00,SAMP-BEETEXT1-X,Raw Material,0.01500
SRM-MP-BULK/FPS.RND.GR014.00,SAMP-DPGRZ-X,Raw Material,0.00500
SRM-MP-BULK/FPS.RND.GR014.00,PENG-CLRP-X,Raw Material,0.00300
SRM-MP-BULK/FPS.RND.GR014.00,ALAN--AK-K,Raw Material,0.00100
SRM-MP-BULK/FPS.RND.GR014.00,EMUL-DERMSOLP-,Raw Material,0.00100
SRM-MP-BULK/FPS.RND.GR014.00,THIC-VZNFC-X,Raw Material,0.00100
SRM-MP-BULK/FPS.RND.GR014.00,PARF-SPFXTV-X,Raw Material,0.00008
SRM-MP-BULK/FPS.RND.GR014.00,PARF-GLMSTA-X,Raw Material,0.00008
SRM-MP-BULK/FPS.RND.GR014.00,ACTI-GRPLMD-X,Raw Material,0.00001
REM-R2PBTUMW-BULK/FPS.RND.W294.00,HUM-HXLGLC-X,Raw Material,0.03500
REM-R2PBTUMW-BULK/FPS.RND.W294.00,SAMP-CETIHE-X,Raw Material,0.03000
REM-R2PBTUMW-BULK/FPS.RND.W294.00,VITA-B3UPPC-X,Raw Material,0.01500
REM-R2PBTUMW-BULK/FPS.RND.W294.00,EMUL-PLUP-X,Raw Material,0.01000
REM-R2PBTUMW-BULK/FPS.RND.W294.00,MOIS-RHH15P-X,Raw Material,0.01000
REM-R2PBTUMW-BULK/FPS.RND.W294.00,PR-ZPRDL-X,Raw Material,0.00500
REM-R2PBTUMW-BULK/FPS.RND.W294.00,MOIS-RQPO260-X,Raw Material,0.00400
REM-R2PBTUMW-BULK/FPS.RND.W294.00,PEN-PRSVPE-X,Raw Material,0.00300
REM-R2PBTUMW-BULK/FPS.RND.W294.00,PANT--DL-K,Raw Material,0.00200
REM-R2PBTUMW-BULK/FPS.RND.W294.00,GLYC--ECOS-K,Raw Material,0.00200
REM-R2PBTUMW-BULK/FPS.RND.W294.00,MOIS-XYL-X,Raw Material,0.00200
REM-R2PBTUMW-BULK/FPS.RND.W294.00,ALAN--AK-K,Raw Material,0.00100
REM-R2PBTUMW-BULK/FPS.RND.W294.00,EXTR-CRNEGN-X,Raw Material,0.00100
REM-R2PBTUMW-BULK/FPS.RND.W294.00,PEN-RCCB-X,Raw Material,0.00100
REM-R2PBTUMW-BULK/FPS.RND.W294.00,EKS-FLAC-X,Raw Material,0.00100
REM-R2PBTUMW-BULK/FPS.RND.W294.00,EXTR-JPBBR-X,Raw Material,0.00010
REM-R2PBTUMW-BULK/FPS.RND.W294.00,EDT-DSLV-X,Raw Material,0.00005
REM-R2PBTUMW-BULK/FPS.RND.W294.00,ASAM-A-CAAH-K,Raw Material,0.00003
REM-R2PBTUMW-BULK/FPS.RND.W294.00,PARF-PCNDLF-X,Raw Material,0.00001
REM-R2PBTUMW-BULK/FPS.RND.W294.00,EXTR-PCTGJ-X,Raw Material,0.00001
REM-R2PBTUMW-BULK/FPS.RND.W294.00,STAY--DSMR-K,Raw Material,0.00000
REM-R2PBTUMW-BULK/FPS.RND.W294.00,VITA-DL E-MS,Raw Material,0.00000
EB-RIPBA-BULK/FPS.DND.W249.01,BENT-BGVS5PC-X,Raw Material,0.24000
EB-RIPBA-BULK/FPS.DND.W249.01,SILI-BDP-X,Raw Material,0.19770
EB-RIPBA-BULK/FPS.DND.W249.01,SILI-BEL803-X,Raw Material,0.11000
EB-RIPBA-BULK/FPS.DND.W249.01,MWAX-SP19-X,Raw Material,0.06500
EB-RIPBA-BULK/FPS.DND.W249.01,WAX-CW--K,Raw Material,0.04000
EB-RIPBA-BULK/FPS.DND.W249.01,MC3-300-SF,Raw Material,0.03700
EB-RIPBA-BULK/FPS.DND.W249.01,EMUL-KF6028-X,Raw Material,0.03500
EB-RIPBA-BULK/FPS.DND.W249.01,EMO-TSPLT-X,Raw Material,0.03000
EB-RIPBA-BULK/FPS.DND.W249.01,SILS-034-X,Raw Material,0.01747
EB-RIPBA-BULK/FPS.DND.W249.01,COVB-LH8-,Raw Material,0.01800
EB-RIPBA-BULK/FPS.DND.W249.01,SILI-KP56P-X,Raw Material,0.01000
EB-RIPBA-BULK/FPS.DND.W249.01,"BUTY--DAI1,3",Raw Material,0.01000
EB-RIPBA-BULK/FPS.DND.W249.01,COSM-222--K,Raw Material,0.01000
EB-RIPBA-BULK/FPS.DND.W249.01,PENG-PHC-X,Raw Material,0.01000
EB-RIPBA-BULK/FPS.DND.W249.01,THIC-RMGSO4-X,Raw Material,0.01000
EB-RIPBA-BULK/FPS.DND.W249.01,SILC-MKOL-X,Raw Material,0.01000
EB-RIPBA-BULK/FPS.DND.W249.01,EMUL-KF6017-X,Raw Material,0.00900
EB-RIPBA-BULK/FPS.DND.W249.01,VITA-DL E-MS,Raw Material,0.00500
EB-RIPBA-BULK/FPS.DND.W249.01,STEA-DSP300-X,Raw Material,0.00219
EB-RIPBA-BULK/FPS.DND.W249.01,WAX-PFRMSW-X,Raw Material,0.00200
EB-RIPBA-BULK/FPS.DND.W249.01,SILC-VM22A-X,Raw Material,0.00180
EB-RIPBA-BULK/FPS.DND.W249.01,OIL-ARG-X,Raw Material,0.00100
EB-RIPBA-BULK/FPS.DND.W249.01,PANT--DL-K,Raw Material,0.00100
EB-RIPBA-BULK/FPS.DND.W249.01,EDT-B--K,Raw Material,0.00050
EB-RIPBA-BULK/FPS.DND.W249.01,WARN-BLCK3AS-X,Raw Material,0.01504
EB-RIPBA-BULK/FPS.DND.W249.01,TITA-CROTS-X,Raw Material,0.00684
EB-RIPBA-BULK/FPS.DND.W249.01,WARN-YLW3AS-X,Raw Material,0.00328
EB-RIPBA-BULK/FPS.DND.W249.01,WARN-RED3AS-X,Raw Material,0.00219
TC-R4LLF07-BULK/FPS.RND.W269.00,POWD-TGDS-X,Raw Material,0.30000
TC-R4LLF07-BULK/FPS.RND.W269.00,POWD-GHHDI-X,Raw Material,0.17000
TC-R4LLF07-BULK/FPS.RND.W269.00,TIT-CR50HD-X,Raw Material,0.10000
TC-R4LLF07-BULK/FPS.RND.W269.00,POWD-GH52-X,Raw Material,0.09938
TC-R4LLF07-BULK/FPS.RND.W269.00,AGF-9051-X,Raw Material,0.05000
TC-R4LLF07-BULK/FPS.RND.W269.00,LAR-LICODDC-BULK,Intermediate,0.04500
TC-R4LLF07-BULK/FPS.RND.W269.00,NT---K,Raw Material,0.04000
TC-R4LLF07-BULK/FPS.RND.W269.00,SILD--SI5H52D-K,Raw Material,0.03000
TC-R4LLF07-BULK/FPS.RND.W269.00,POLY-M-MP27-K,Raw Material,0.02000
TC-R4LLF07-BULK/FPS.RND.W269.00,AMH-LL-X,Raw Material,0.02000
TC-R4LLF07-BULK/FPS.RND.W269.00,ORGA-EXD-ARK,Raw Material,0.02000
TC-R4LLF07-BULK/FPS.RND.W269.00,SQUA-AMYR-X,Raw Material,0.02000
TC-R4LLF07-BULK/FPS.RND.W269.00,PEN-PRSVPE-X,Raw Material,0.00800
TC-R4LLF07-BULK/FPS.RND.W269.00,ACTI-RYKA-X,Raw Material,0.00500
TC-R4LLF07-BULK/FPS.RND.W269.00,ACTI-RBN-X,Raw Material,0.00500
TC-R4LLF07-BULK/FPS.RND.W269.00,VITA-B3PC-X,Raw Material,0.00500
TC-R4LLF07-BULK/FPS.RND.W269.00,PRE-VLEHG-X,Raw Material,0.00400
TC-R4LLF07-BULK/FPS.RND.W269.00,PARF-AMSKLG-X,Raw Material,0.00040
TC-R4LLF07-BULK/FPS.RND.W269.00,VITA-DL E-MS,Raw Material,0.00010
TC-R4LLF07-BULK/FPS.RND.W269.00,WARN-A450TDMS-BULK,Intermediate,0.01796
TC-R4LLF07-BULK/FPS.RND.W269.00,WARN-A407-X,Raw Material,0.03584
TC-R4LLF07-BULK/FPS.RND.W269.00,WARN-TETDMS-BULK,Intermediate,0.00432
REM-NDAC-BULK/FPS.RND.W295.00,HUM-HXLGLC-X,Raw Material,0.03500
REM-NDAC-BULK/FPS.RND.W295.00,SAMP-CETIHE-X,Raw Material,0.03000
REM-NDAC-BULK/FPS.RND.W295.00,VITA-B3UPPC-X,Raw Material,0.01500
REM-NDAC-BULK/FPS.RND.W295.00,EMUL-PLUP-X,Raw Material,0.01000
REM-NDAC-BULK/FPS.RND.W295.00,MOIS-RHH15P-X,Raw Material,0.00500
REM-NDAC-BULK/FPS.RND.W295.00,PR-ZPRDL-X,Raw Material,0.00500
REM-NDAC-BULK/FPS.RND.W295.00,MOIS-RQPO260-X,Raw Material,0.00400
REM-NDAC-BULK/FPS.RND.W295.00,PEN-PRSVPE-X,Raw Material,0.00300
REM-NDAC-BULK/FPS.RND.W295.00,ALAN--AK-K,Raw Material,0.00200
REM-NDAC-BULK/FPS.RND.W295.00,PANT--DL-K,Raw Material,0.00200
REM-NDAC-BULK/FPS.RND.W295.00,GLYC--ECOS-K,Raw Material,0.00200
REM-NDAC-BULK/FPS.RND.W295.00,MOIS-XYL-X,Raw Material,0.00200
REM-NDAC-BULK/FPS.RND.W295.00,EXTR-ALVGE-X,Raw Material,0.00100
REM-NDAC-BULK/FPS.RND.W295.00,EXTR-CUMGLY-X,Raw Material,0.00100
REM-NDAC-BULK/FPS.RND.W295.00,EXTR-SWDGE-X,Raw Material,0.00100
REM-NDAC-BULK/FPS.RND.W295.00,PEN-RCCB-X,Raw Material,0.00100
REM-NDAC-BULK/FPS.RND.W295.00,EDT-DSLV-X,Raw Material,0.00005
REM-NDAC-BULK/FPS.RND.W295.00,ASAM-A-CAAH-K,Raw Material,0.00003
CON-LBBL03-BULK/FPS.RND.W272.02,SILI-345-DC-K,Raw Material,0.12750
CON-LBBL03-BULK/FPS.RND.W272.02,BENT-BGVS5PC-X,Raw Material,0.07500
CON-LBBL03-BULK/FPS.RND.W272.02,RSN-PTMX-X,Raw Material,0.06000
CON-LBBL03-BULK/FPS.RND.W272.02,"BUTY--DAI1,3",Raw Material,0.06000
CON-LBBL03-BULK/FPS.RND.W272.02,NT---K,Raw Material,0.05000
CON-LBBL03-BULK/FPS.RND.W272.02,ABIL-EM90-X,Raw Material,0.03000
CON-LBBL03-BULK/FPS.RND.W272.02,VITA-B3PC-X,Raw Material,0.03000
CON-LBBL03-BULK/FPS.RND.W272.02,EMUL-KF6017-X,Raw Material,0.02000
CON-LBBL03-BULK/FPS.RND.W272.02,THIC-RMGSO4-X,Raw Material,0.01000
CON-LBBL03-BULK/FPS.RND.W272.02,PEN-PRSVPE-X,Raw Material,0.00800
CON-LBBL03-BULK/FPS.RND.W272.02,POWD-9701-,Raw Material,0.00700
CON-LBBL03-BULK/FPS.RND.W272.02,ALAN--AK-K,Raw Material,0.00100
CON-LBBL03-BULK/FPS.RND.W272.02,PEN-SENSC50-X,Raw Material,0.00050
CON-LBBL03-BULK/FPS.RND.W272.02,EDT-B--K,Raw Material,0.00050
CON-LBBL03-BULK/FPS.RND.W272.02,TITA-CROTS-X,Raw Material,0.15000
CON-LBBL03-BULK/FPS.RND.W272.02,WARN-BYO12-X,Raw Material,0.07200
CON-LBBL03-BULK/FPS.RND.W272.02,WARN-BRO12-X,Raw Material,0.01200
CON-LBBL03-BULK/FPS.RND.W272.02,WARN-BBO12-X,Raw Material,0.00350
M-SSSC-BULK/FPS.RND.QB08.06,UVIN-MC80-BASF,Raw Material,0.07000
M-SSSC-BULK/FPS.RND.QB08.06,SUNS-PRSHMS-X,Raw Material,0.05000
M-SSSC-BULK/FPS.RND.QB08.06,SUNS-HYAB-X,Raw Material,0.05000
M-SSSC-BULK/FPS.RND.QB08.06,SUNS-PEHS-X,Raw Material,0.05000
M-SSSC-BULK/FPS.RND.QB08.06,HALL-BHB-X,Raw Material,0.04000
M-SSSC-BULK/FPS.RND.QB08.06,SUNS-OCR-X,Raw Material,0.04000
M-SSSC-BULK/FPS.RND.QB08.06,SILI-345-DC-K,Raw Material,0.03500
M-SSSC-BULK/FPS.RND.QB08.06,SUNS-PRSHD-X,Raw Material,0.03000
M-SSSC-BULK/FPS.RND.QB08.06,SAMP-CHEM1789-X,Raw Material,0.03000
M-SSSC-BULK/FPS.RND.QB08.06,ACTI-IVLNC-X,Raw Material,0.02000
M-SSSC-BULK/FPS.RND.QB08.06,GLYC--ECOS-K,Raw Material,0.02000
M-SSSC-BULK/FPS.RND.QB08.06,EMUL-MTVT-X,Raw Material,0.01300
M-SSSC-BULK/FPS.RND.QB08.06,ORGA-EXD-ARK,Raw Material,0.01000
M-SSSC-BULK/FPS.RND.QB08.06,OIL-LXFS-X,Raw Material,0.01000
M-SSSC-BULK/FPS.RND.QB08.06,SEPP-S400-,Raw Material,0.00700
M-SSSC-BULK/FPS.RND.QB08.06,ACTI-RYKA-X,Raw Material,0.00500
M-SSSC-BULK/FPS.RND.QB08.06,ACTI-RBN-X,Raw Material,0.00500
M-SSSC-BULK/FPS.RND.QB08.06,CETY---K,Raw Material,0.00500
M-SSSC-BULK/FPS.RND.QB08.06,STA--C18-K,Raw Material,0.00500
M-SSSC-BULK/FPS.RND.QB08.06,PENG-PNX-X,Raw Material,0.00500
M-SSSC-BULK/FPS.RND.QB08.06,PENG-CLRP-X,Raw Material,0.00300
M-SSSC-BULK/FPS.RND.QB08.06,XANT---K,Raw Material,0.00200
M-SSSC-BULK/FPS.RND.QB08.06,PARF-SILK-,Raw Material,0.00150
M-SSSC-BULK/FPS.RND.QB08.06,ALAN--AK-K,Raw Material,0.00100
M-SSSC-BULK/FPS.RND.QB08.06,EDT-B--K,Raw Material,0.00100
M-SSSC-BULK/FPS.RND.QB08.06,EXTR-PONG-X,Raw Material,0.00050
M-SSSC-BULK/FPS.RND.QB08.06,PARF-UCM1E-X,Raw Material,0.00050
M-SSSC-BULK/FPS.RND.QB08.06,VITA-B3PC-X,Raw Material,0.00001
HBW-GBFBC-BULK/FPS.RND.L13.01,SAMP-ASCOAS-X,Raw Material,0.20000
HBW-GBFBC-BULK/FPS.RND.L13.01,TEGO-L7-1--K,Raw Material,0.10000
HBW-GBFBC-BULK/FPS.RND.L13.01,GLYC--ECOS-K,Raw Material,0.08000
HBW-GBFBC-BULK/FPS.RND.L13.01,AJID--NL-K,Raw Material,0.04000
HBW-GBFBC-BULK/FPS.RND.L13.01,THIC-GLD120T-X,Raw Material,0.02500
HBW-GBFBC-BULK/FPS.RND.L13.01,VITA-B3PC-X,Raw Material,0.02000
HBW-GBFBC-BULK/FPS.RND.L13.01,PANT--DL-K,Raw Material,0.01200
HBW-GBFBC-BULK/FPS.RND.L13.01,HUM-GLU20-X,Raw Material,0.01000
HBW-GBFBC-BULK/FPS.RND.L13.01,EXTR-LVDGE-X,Raw Material,0.01000
HBW-GBFBC-BULK/FPS.RND.L13.01,MOIS-XYL-X,Raw Material,0.01000
HBW-GBFBC-BULK/FPS.RND.L13.01,SURF-IXCSB-X,Raw Material,0.01000
HBW-GBFBC-BULK/FPS.RND.L13.01,GARA-RFS-X,Raw Material,0.00500
HBW-GBFBC-BULK/FPS.RND.L13.01,SAMP-RCSBZ-X,Raw Material,0.00500
HBW-GBFBC-BULK/FPS.RND.L13.01,ASAM-A-CAAH-K,Raw Material,0.00200
HBW-GBFBC-BULK/FPS.RND.L13.01,ALAN--AK-K,Raw Material,0.00200
HBW-GBFBC-BULK/FPS.RND.L13.01,ACTI-RCLRP-X,Raw Material,0.00200
HBW-GBFBC-BULK/FPS.RND.L13.01,EDT-B--K,Raw Material,0.00100
HBW-GBFBC-BULK/FPS.RND.L13.01,SAMP-APCAPGA-X,Raw Material,0.00010
HBW-GBFBC-BULK/FPS.RND.L13.01,BIO-HYAL-BIL,Raw Material,0.00010
SS-RPSMUI-BULK/FPS.RND.M104.02,SAMP-SUNCMTA-X,Raw Material,0.07700
SS-RPSMUI-BULK/FPS.RND.M104.02,UVIN-MC80-BASF,Raw Material,0.04000
SS-RPSMUI-BULK/FPS.RND.M104.02,POWD-9701-,Raw Material,0.01000
SS-RPSMUI-BULK/FPS.RND.M104.02,PR-ZPRDL-X,Raw Material,0.01000
SS-RPSMUI-BULK/FPS.RND.M104.02,PARS-1789-,Raw Material,0.01000
SS-RPSMUI-BULK/FPS.RND.M104.02,EMUL-MTVT-X,Raw Material,0.00700
SS-RPSMUI-BULK/FPS.RND.M104.02,THIC-ARAVC-,Raw Material,0.00700
SS-RPSMUI-BULK/FPS.RND.M104.02,PENG-IPEG-X,Raw Material,0.00800
SS-RPSMUI-BULK/FPS.RND.M104.02,ACTI-RYKA-X,Raw Material,0.00500
SS-RPSMUI-BULK/FPS.RND.M104.02,SUNS-PRSHD-X,Raw Material,0.00500
SS-RPSMUI-BULK/FPS.RND.M104.02,ALAN--AK-K,Raw Material,0.00200
SS-RPSMUI-BULK/FPS.RND.M104.02,EDT-B--K,Raw Material,0.00100
SS-RPSMUI-BULK/FPS.RND.M104.02,WARN-IOY50-X,Raw Material,0.00036
SS-RPSMUI-BULK/FPS.RND.M104.02,WARN-IOR50-X,Raw Material,0.00004
SS-RPSMUI-BULK/FPS.RND.M104.02,WARN-IOB50-X,Raw Material,0.00002
CON-IP01-BULK/FPS.RND.W253.02,SILI-345-DC-K,Raw Material,0.17960
CON-IP01-BULK/FPS.RND.W253.02,SILI-BEL803-X,Raw Material,0.07500
CON-IP01-BULK/FPS.RND.W253.02,RSN-PTMX-X,Raw Material,0.06000
CON-IP01-BULK/FPS.RND.W253.02,"BUTY--DAI1,3",Raw Material,0.06000
CON-IP01-BULK/FPS.RND.W253.02,BENT-BGVS5PC-X,Raw Material,0.05000
CON-IP01-BULK/FPS.RND.W253.02,NT---K,Raw Material,0.05000
CON-IP01-BULK/FPS.RND.W253.02,ABIL-EM90-X,Raw Material,0.03000
CON-IP01-BULK/FPS.RND.W253.02,EMUL-KF6017-X,Raw Material,0.02000
CON-IP01-BULK/FPS.RND.W253.02,POWD-9701-,Raw Material,0.01000
CON-IP01-BULK/FPS.RND.W253.02,THIC-RMGSO4-X,Raw Material,0.01000
CON-IP01-BULK/FPS.RND.W253.02,PEN-PRSVPE-X,Raw Material,0.00800
CON-IP01-BULK/FPS.RND.W253.02,VITA-B3PC-X,Raw Material,0.00500
CON-IP01-BULK/FPS.RND.W253.02,ALAN--AK-K,Raw Material,0.00100
CON-IP01-BULK/FPS.RND.W253.02,PEN-SENSC50-X,Raw Material,0.00050
CON-IP01-BULK/FPS.RND.W253.02,EDT-B--K,Raw Material,0.00050
CON-IP01-BULK/FPS.RND.W253.02,ACTI-ECFA-X,Raw Material,0.00010
CON-IP01-BULK/FPS.RND.W253.02,TITA-CROTS-X,Raw Material,0.23700
CON-IP01-BULK/FPS.RND.W253.02,WARN-BYO12-X,Raw Material,0.03000
CON-IP01-BULK/FPS.RND.W253.02,WARN-BRO12-X,Raw Material,0.00700
CON-IP01-BULK/FPS.RND.W253.02,WARN-BBO12-X,Raw Material,0.00090
CON-IP01-BULK/FPS.RND.W253.02,ACTI-ECTC-X,Raw Material,0.00030
M-BRER-BULK/FPS.RND.L12.00,GLYC--ECOS-K,Raw Material,0.08000
M-BRER-BULK/FPS.RND.L12.00,SQUA-AMYR-X,Raw Material,0.08000
M-BRER-BULK/FPS.RND.L12.00,VASE-V3150-X,Raw Material,0.04500
M-BRER-BULK/FPS.RND.L12.00,EMU-MTV6-X,Raw Material,0.03000
M-BRER-BULK/FPS.RND.L12.00,EMU-CSAL-X,Raw Material,0.02500
M-BRER-BULK/FPS.RND.L12.00,SILI-2005-DC-K,Raw Material,0.02000
M-BRER-BULK/FPS.RND.L12.00,PENG-STPHL-X,Raw Material,0.01500
M-BRER-BULK/FPS.RND.L12.00,ACTI-AICE06-X,Raw Material,0.01000
M-BRER-BULK/FPS.RND.L12.00,SAMP-RCLRP-X,Raw Material,0.01000
M-BRER-BULK/FPS.RND.L12.00,THIC-SPVE10-X,Raw Material,0.00800
M-BRER-BULK/FPS.RND.L12.00,ALAN--AK-K,Raw Material,0.00500
M-BRER-BULK/FPS.RND.L12.00,ACTI-RBN-X,Raw Material,0.00500
M-BRER-BULK/FPS.RND.L12.00,SAMP-DPGRZ-X,Raw Material,0.00200
M-BRER-BULK/FPS.RND.L12.00,KELT-CG-X,Raw Material,0.00150
M-BRER-BULK/FPS.RND.L12.00,PENG-CLRP-X,Raw Material,0.00100
M-BRER-BULK/FPS.RND.L12.00,SAMP-SMBCLA-X,Raw Material,0.00100
M-BRER-BULK/FPS.RND.L12.00,EDT-DSLV-X,Raw Material,0.00063
M-BRER-BULK/FPS.RND.L12.00,SAMP-VITB12C-X,Raw Material,0.00001
HBL-V5-BULK/FPS.DND.GR006.09 (Opsi 1),IPM-CRDSG-X,Raw Material,0.05500
HBL-V5-BULK/FPS.DND.GR006.09 (Opsi 1),EXF-GLDL-X,Raw Material,0.05000
HBL-V5-BULK/FPS.DND.GR006.09 (Opsi 1),GLYC--ECOS-K,Raw Material,0.05000
HBL-V5-BULK/FPS.DND.GR006.09 (Opsi 1),SALT-TSCD-X,Raw Material,0.02800
HBL-V5-BULK/FPS.DND.GR006.09 (Opsi 1),EMUL-MTVT-X,Raw Material,0.02000
HBL-V5-BULK/FPS.DND.GR006.09 (Opsi 1),PARF-WSGRM-X,Raw Material,0.01500
HBL-V5-BULK/FPS.DND.GR006.09 (Opsi 1),PURO-IDD-X,Raw Material,0.01000
HBL-V5-BULK/FPS.DND.GR006.09 (Opsi 1),PENG-PHC-X,Raw Material,0.00800
HBL-V5-BULK/FPS.DND.GR006.09 (Opsi 1),TITA--3328EW-K,Raw Material,0.00500
HBL-V5-BULK/FPS.DND.GR006.09 (Opsi 1),EMU-CSAL-X,Raw Material,0.00300
HBL-V5-BULK/FPS.DND.GR006.09 (Opsi 1),SEPP-S400-,Raw Material,0.00300
HBL-V5-BULK/FPS.DND.GR006.09 (Opsi 1),SEPI-SPMXZ-X,Raw Material,0.00300
HBL-V5-BULK/FPS.DND.GR006.09 (Opsi 1),THIC-VZNFC-X,Raw Material,0.00250
HBL-V5-BULK/FPS.DND.GR006.09 (Opsi 1),ALAN--AK-K,Raw Material,0.00100
HBL-V5-BULK/FPS.DND.GR006.09 (Opsi 1),EDT-B--K,Raw Material,0.00100
HBL-V5-BULK/FPS.DND.GR006.09 (Opsi 1),THIC-AMGM-X,Raw Material,0.00100
HBL-V5-BULK/FPS.DND.GR006.09 (Opsi 1),ACTI-TINTT-X,Raw Material,0.00025
HBL-V5-BULK/FPS.DND.GR006.09 (Opsi 1),STB-TL-X,Raw Material,0.00025
HBL-V5-BULK/FPS.DND.GR006.09 (Opsi 1),ACTI-GRPLMD-X,Raw Material,0.00001
HBL-V5-BULK/FPS.DND.GR006.09 (Opsi 1),ACTI-IVLNC-X,Raw Material,0.00001
HBL-V5-BULK/FPS.DND.GR006.09 (Opsi 1),VITA-B3PC-X,Raw Material,0.00001
F-RLLF03-BULK/FPS.RND.W291.00,SILI-345-DC-K,Raw Material,0.12029
F-RLLF03-BULK/FPS.RND.W291.00,UVIN-MC80-BASF,Raw Material,0.08000
F-RLLF03-BULK/FPS.RND.W291.00,SILI-BE6-X,Raw Material,0.07000
F-RLLF03-BULK/FPS.RND.W291.00,PR-ZPRDL-X,Raw Material,0.05000
F-RLLF03-BULK/FPS.RND.W291.00,BENT-BGVS5PC-X,Raw Material,0.03000
F-RLLF03-BULK/FPS.RND.W291.00,SILI-BDP-X,Raw Material,0.03000
F-RLLF03-BULK/FPS.RND.W291.00,RSN-PTMX-X,Raw Material,0.03000
F-RLLF03-BULK/FPS.RND.W291.00,VITA-B3UPPC-X,Raw Material,0.03000
F-RLLF03-BULK/FPS.RND.W291.00,EMUL-KF6017-X,Raw Material,0.02200
F-RLLF03-BULK/FPS.RND.W291.00,SILI-1640RSN-X,Raw Material,0.02200
F-RLLF03-BULK/FPS.RND.W291.00,MOIS-TR100-X,Raw Material,0.01500
F-RLLF03-BULK/FPS.RND.W291.00,SILI-SP105-X,Raw Material,0.01500
F-RLLF03-BULK/FPS.RND.W291.00,POLY-M-MP27-K,Raw Material,0.01000
F-RLLF03-BULK/FPS.RND.W291.00,THIC-RMGSO4-X,Raw Material,0.01000
F-RLLF03-BULK/FPS.RND.W291.00,PEN-PRSVPE-X,Raw Material,0.00800
F-RLLF03-BULK/FPS.RND.W291.00,TOSP-2000B-X,Raw Material,0.00500
F-RLLF03-BULK/FPS.RND.W291.00,EMO-SLCHS-X,Raw Material,0.00500
F-RLLF03-BULK/FPS.RND.W291.00,ABIL-EM90-X,Raw Material,0.00500
F-RLLF03-BULK/FPS.RND.W291.00,SILD--SI5H52D-K,Raw Material,0.00500
F-RLLF03-BULK/FPS.RND.W291.00,VIT-ATCAT-X,Raw Material,0.00500
F-RLLF03-BULK/FPS.RND.W291.00,ALAN--AK-K,Raw Material,0.00100
F-RLLF03-BULK/FPS.RND.W291.00,GLUZ-GLUZ-,Raw Material,0.00100
F-RLLF03-BULK/FPS.RND.W291.00,EDT-B--K,Raw Material,0.00050
F-RLLF03-BULK/FPS.RND.W291.00,TIT-CR50HD-X,Raw Material,0.07491
F-RLLF03-BULK/FPS.RND.W291.00,TIT-MT60S-X,Raw Material,0.03000
F-RLLF03-BULK/FPS.RND.W291.00,WARN-S12YL--K,Raw Material,0.01900
F-RLLF03-BULK/FPS.RND.W291.00,WARN-S12RN217--K,Raw Material,0.00450
F-RLLF03-BULK/FPS.RND.W291.00,WARN-TE--PBULK,Intermediate,0.00180
REM-AMC-BULK/FPS.RND.W296.02,HUM-HXLGLC-X,Raw Material,0.03500
REM-AMC-BULK/FPS.RND.W296.02,SAMP-CETIHE-X,Raw Material,0.03000
REM-AMC-BULK/FPS.RND.W296.02,VITA-B3UPPC-X,Raw Material,0.01500
REM-AMC-BULK/FPS.RND.W296.02,ACTI-HXCTEC-X,Raw Material,0.01000
REM-AMC-BULK/FPS.RND.W296.02,EMUL-PLUP-X,Raw Material,0.01000
REM-AMC-BULK/FPS.RND.W296.02,MOIS-RHH15P-X,Raw Material,0.00500
REM-AMC-BULK/FPS.RND.W296.02,PR-ZPRDL-X,Raw Material,0.00500
REM-AMC-BULK/FPS.RND.W296.02,MOIS-RQPO260-X,Raw Material,0.00400
REM-AMC-BULK/FPS.RND.W296.02,PEN-PRSVPE-X,Raw Material,0.00300
REM-AMC-BULK/FPS.RND.W296.02,EXTR-CUMGLY-X,Raw Material,0.00200
REM-AMC-BULK/FPS.RND.W296.02,GLYC--ECOS-K,Raw Material,0.00200
REM-AMC-BULK/FPS.RND.W296.02,MOIS-XYL-X,Raw Material,0.00200
REM-AMC-BULK/FPS.RND.W296.02,ALAN--AK-K,Raw Material,0.00100
REM-AMC-BULK/FPS.RND.W296.02,ASAM-SCAD-X,Raw Material,0.00100
REM-AMC-BULK/FPS.RND.W296.02,PANT--DL-K,Raw Material,0.00100
REM-AMC-BULK/FPS.RND.W296.02,PEN-RCCB-X,Raw Material,0.00100
REM-AMC-BULK/FPS.RND.W296.02,KOH--PH-K,Raw Material,0.00050
REM-AMC-BULK/FPS.RND.W296.02,EDT-DSLV-X,Raw Material,0.00005
REM-AMC-BULK/FPS.RND.W296.02,ACTI-AZCLR-X,Raw Material,0.00001
S-R2DFSEC-BULK/FPS.RND.W250.00,TEXA---K,Raw Material,0.15000
S-R2DFSEC-BULK/FPS.RND.W250.00,TEGO-L7-1--K,Raw Material,0.08000
S-R2DFSEC-BULK/FPS.RND.W250.00,AJID--NL-K,Raw Material,0.02000
S-R2DFSEC-BULK/FPS.RND.W250.00,MERQ-MQ550PP-X,Raw Material,0.02000
S-R2DFSEC-BULK/FPS.RND.W250.00,GLYC--ECOS-K,Raw Material,0.02000
S-R2DFSEC-BULK/FPS.RND.W250.00,PARF-ODM3-X,Raw Material,0.01200
S-R2DFSEC-BULK/FPS.RND.W250.00,REWD-LIS80-X,Raw Material,0.01000
S-R2DFSEC-BULK/FPS.RND.W250.00,AMI-GCK12H-X,Raw Material,0.01000
S-R2DFSEC-BULK/FPS.RND.W250.00,HDRL-GLDWBZ-X,Raw Material,0.00700
S-R2DFSEC-BULK/FPS.RND.W250.00,PANT--DL-K,Raw Material,0.00500
S-R2DFSEC-BULK/FPS.RND.W250.00,GARA-RFS-X,Raw Material,0.00500
S-R2DFSEC-BULK/FPS.RND.W250.00,PENG-GL-LON,Raw Material,0.00400
S-R2DFSEC-BULK/FPS.RND.W250.00,MERQ-MQ2001P-X,Raw Material,0.00300
S-R2DFSEC-BULK/FPS.RND.W250.00,POLY-MICOJ400-,Raw Material,0.00300
S-R2DFSEC-BULK/FPS.RND.W250.00,EXTR-PEPGLYE-X,Raw Material,0.00200
S-R2DFSEC-BULK/FPS.RND.W250.00,EXTR-ALVGE-X,Raw Material,0.00100
S-R2DFSEC-BULK/FPS.RND.W250.00,EXTR-SWDGE-X,Raw Material,0.00100
S-R2DFSEC-BULK/FPS.RND.W250.00,ASAM-A-CAAH-K,Raw Material,0.00013
SS-SB50-BULK/FPS.DND.T118.01,SAMP-SUNCMTA-X,Raw Material,0.09000
SS-SB50-BULK/FPS.DND.T118.01,VITA-B3PC-X,Raw Material,0.02000
SS-SB50-BULK/FPS.DND.T118.01,UVIN-MC80-BASF,Raw Material,0.01500
SS-SB50-BULK/FPS.DND.T118.01,ACTI-MEBSA-X,Raw Material,0.01000
SS-SB50-BULK/FPS.DND.T118.01,MOIS-PTVT-X,Raw Material,0.01000
SS-SB50-BULK/FPS.DND.T118.01,PENG-PHC-X,Raw Material,0.00800
SS-SB50-BULK/FPS.DND.T118.01,ACTI-APLR-X,Raw Material,0.00500
SS-SB50-BULK/FPS.DND.T118.01,EMU-STS-,Raw Material,0.00500
SS-SB50-BULK/FPS.DND.T118.01,DPG-LO-,Raw Material,0.00500
SS-SB50-BULK/FPS.DND.T118.01,EXTR-PEPGLYE-X,Raw Material,0.00500
SS-SB50-BULK/FPS.DND.T118.01,PARS-1789-,Raw Material,0.00400
SS-SB50-BULK/FPS.DND.T118.01,OLIV-1000BT-X,Raw Material,0.00300
SS-SB50-BULK/FPS.DND.T118.01,CARB-UT21P-X,Raw Material,0.00300
SS-SB50-BULK/FPS.DND.T118.01,EMU-DBC-X,Raw Material,0.00250
SS-SB50-BULK/FPS.DND.T118.01,SUNS-PRSHD-X,Raw Material,0.00200
SS-SB50-BULK/FPS.DND.T118.01,AMP-95--K,Raw Material,0.00170
SS-SB50-BULK/FPS.DND.T118.01,ALAN--AK-K,Raw Material,0.00100
SS-SB50-BULK/FPS.DND.T118.01,SAMP-WASTLVD-X,Raw Material,0.00100
SS-SB50-BULK/FPS.DND.T118.01,EDT-DSLV-X,Raw Material,0.00070
SS-SB50-BULK/FPS.DND.T118.01,XANT---K,Raw Material,0.00065
L-CVM02CLB-BULK/FPS.RND.W298.00,SILI-BELEG5-X,Raw Material,0.22000
L-CVM02CLB-BULK/FPS.RND.W298.00,SILI-BE6-X,Raw Material,0.18000
L-CVM02CLB-BULK/FPS.RND.W298.00,BENT-BGVS5PC-X,Raw Material,0.13000
L-CVM02CLB-BULK/FPS.RND.W298.00,PURO-IDD-X,Raw Material,0.10590
L-CVM02CLB-BULK/FPS.RND.W298.00,POL-U151-X,Raw Material,0.06000
L-CVM02CLB-BULK/FPS.RND.W298.00,SILI-BEL803-X,Raw Material,0.05000
L-CVM02CLB-BULK/FPS.RND.W298.00,COSM-43V--K,Raw Material,0.04000
L-CVM02CLB-BULK/FPS.RND.W298.00,SILI-SP105-X,Raw Material,0.04000
L-CVM02CLB-BULK/FPS.RND.W298.00,SILI-BDP-X,Raw Material,0.02265
L-CVM02CLB-BULK/FPS.RND.W298.00,SILD--SI5H52D-K,Raw Material,0.02000
L-CVM02CLB-BULK/FPS.RND.W298.00,CABO-M5-X,Raw Material,0.01500
L-CVM02CLB-BULK/FPS.RND.W298.00,ARMO-HD--K,Raw Material,0.01500
L-CVM02CLB-BULK/FPS.RND.W298.00,PEN-PRSVPE-X,Raw Material,0.00500
L-CVM02CLB-BULK/FPS.RND.W298.00,PEN-SENSC50-X,Raw Material,0.00100
L-CVM02CLB-BULK/FPS.RND.W298.00,VIT-ATCAT-X,Raw Material,0.00100
L-CVM02CLB-BULK/FPS.RND.W298.00,PARF-VMR-X,Raw Material,0.00075
L-CVM02CLB-BULK/FPS.RND.W298.00,WARN-C338--K,Raw Material,0.06550
L-CVM02CLB-BULK/FPS.RND.W298.00,WARN-ABIO-X,Raw Material,0.01450
L-CVM02CLB-BULK/FPS.RND.W298.00,WARN-C19012-DCR6-K,Raw Material,0.00920
L-CVM02CLB-BULK/FPS.RND.W298.00,WARN-C19011-R7CL-K,Raw Material,0.00450
L-RNLCE-BULK/FPS.DND.T119.00,BENT-BGISDV-X,Raw Material,0.29500
L-RNLCE-BULK/FPS.DND.T119.00,PURO-IDD-X,Raw Material,0.11021
L-RNLCE-BULK/FPS.DND.T119.00,SILI-DC-PSFCS-X,Raw Material,0.09640
L-RNLCE-BULK/FPS.DND.T119.00,SUCR-AC01-X,Raw Material,0.08000
L-RNLCE-BULK/FPS.DND.T119.00,SILI-BEL803-X,Raw Material,0.07000
L-RNLCE-BULK/FPS.DND.T119.00,FLMR-AV2F-X,Raw Material,0.06000
L-RNLCE-BULK/FPS.DND.T119.00,HAIM-DIS-X,Raw Material,0.05500
L-RNLCE-BULK/FPS.DND.T119.00,SILC-SP500LS-X,Raw Material,0.05000
L-RNLCE-BULK/FPS.DND.T119.00,SALA-99--K,Raw Material,0.04000
L-RNLCE-BULK/FPS.DND.T119.00,WAX-SBWX--X,Raw Material,0.02000
L-RNLCE-BULK/FPS.DND.T119.00,PEN-PRSVPE-X,Raw Material,0.00800
L-RNLCE-BULK/FPS.DND.T119.00,PEN-SENSC50-X,Raw Material,0.00400
L-RNLCE-BULK/FPS.DND.T119.00,VITA-DL E-MS,Raw Material,0.00100
L-RNLCE-BULK/FPS.DND.T119.00,PARF-VMR-X,Raw Material,0.00050
L-RNLCE-BULK/FPS.DND.T119.00,WARN-C335138--K,Raw Material,0.03084
L-RNLCE-BULK/FPS.DND.T119.00,WARN-C338--K,Raw Material,0.02557
L-RNLCE-BULK/FPS.DND.T119.00,TITA-OTS2CR50-,Raw Material,0.02280
L-RNLCE-BULK/FPS.DND.T119.00,WARN-TOA403-KF,Raw Material,0.01700
L-RNLCE-BULK/FPS.DND.T119.00,WARN-C19012-DCR6-K,Raw Material,0.00988
L-RNLCE-BULK/FPS.DND.T119.00,WARN-C19011-R7CL-K,Raw Material,0.00380
L-CVM06CLB-BULK/FPS.RND.W299.00,SILI-BELEG5-X,Raw Material,0.22000
L-CVM06CLB-BULK/FPS.RND.W299.00,SILI-BE6-X,Raw Material,0.18000
L-CVM06CLB-BULK/FPS.RND.W299.00,BENT-BGVS5PC-X,Raw Material,0.13000
L-CVM06CLB-BULK/FPS.RND.W299.00,PURO-IDD-X,Raw Material,0.10500
L-CVM06CLB-BULK/FPS.RND.W299.00,POL-U151-X,Raw Material,0.06000
L-CVM06CLB-BULK/FPS.RND.W299.00,SILI-BEL803-X,Raw Material,0.05000
L-CVM06CLB-BULK/FPS.RND.W299.00,COSM-43V--K,Raw Material,0.04000
L-CVM06CLB-BULK/FPS.RND.W299.00,SILI-SP105-X,Raw Material,0.04000
L-CVM06CLB-BULK/FPS.RND.W299.00,SILI-BDP-X,Raw Material,0.02265
L-CVM06CLB-BULK/FPS.RND.W299.00,SILD--SI5H52D-K,Raw Material,0.02000
L-CVM06CLB-BULK/FPS.RND.W299.00,CABO-M5-X,Raw Material,0.01500
L-CVM06CLB-BULK/FPS.RND.W299.00,ARMO-HD--K,Raw Material,0.01500
L-CVM06CLB-BULK/FPS.RND.W299.00,PEN-PRSVPE-X,Raw Material,0.00500
L-CVM06CLB-BULK/FPS.RND.W299.00,PEN-SENSC50-X,Raw Material,0.00100
L-CVM06CLB-BULK/FPS.RND.W299.00,VIT-ATCAT-X,Raw Material,0.00100
L-CVM06CLB-BULK/FPS.RND.W299.00,PARF-VMR-X,Raw Material,0.00075
L-CVM06CLB-BULK/FPS.RND.W299.00,WARN-C338--K,Raw Material,0.02760
L-CVM06CLB-BULK/FPS.RND.W299.00,WARN-C19012-DCR6-K,Raw Material,0.02700
L-CVM06CLB-BULK/FPS.RND.W299.00,WARN-C335138--K,Raw Material,0.01700
L-CVM06CLB-BULK/FPS.RND.W299.00,WARN-C19011-R7CL-K,Raw Material,0.00800
L-CVM06CLB-BULK/FPS.RND.W299.00,WARN-TOA403-KF,Raw Material,0.00800
L-CVM06CLB-BULK/FPS.RND.W299.00,WARN-ABIO-X,Raw Material,0.00700
L-MLCQ-BULK/FPS.DND.G27.01,BENT-BGISDV-X,Raw Material,0.26000
L-MLCQ-BULK/FPS.DND.G27.01,PURO-IDD-X,Raw Material,0.19340
L-MLCQ-BULK/FPS.DND.G27.01,SILI-DC-PSFCS-X,Raw Material,0.08000
L-MLCQ-BULK/FPS.DND.G27.01,SILI-BEL803-X,Raw Material,0.07000
L-MLCQ-BULK/FPS.DND.G27.01,WAX-SBWX--X,Raw Material,0.04000
L-MLCQ-BULK/FPS.DND.G27.01,HAIM-DIS-X,Raw Material,0.05500
L-MLCQ-BULK/FPS.DND.G27.01,SILC-AERSLR-X,Raw Material,0.05500
L-MLCQ-BULK/FPS.DND.G27.01,SILS-034-X,Raw Material,0.05250
L-MLCQ-BULK/FPS.DND.G27.01,EMU-PS-,Raw Material,0.03130
L-MLCQ-BULK/FPS.DND.G27.01,POL-U151-X,Raw Material,0.01500
L-MLCQ-BULK/FPS.DND.G27.01,FILM-54ID-X,Raw Material,0.01500
L-MLCQ-BULK/FPS.DND.G27.01,SILI-BELEG5-X,Raw Material,0.01000
L-MLCQ-BULK/FPS.DND.G27.01,PENG-NPGEHP-X,Raw Material,0.00800
L-MLCQ-BULK/FPS.DND.G27.01,EMO-SLCHS-X,Raw Material,0.00500
L-MLCQ-BULK/FPS.DND.G27.01,PEN-SENSC50-X,Raw Material,0.00400
L-MLCQ-BULK/FPS.DND.G27.01,ACTI-TINTT-X,Raw Material,0.00010
L-MLCQ-BULK/FPS.DND.G27.01,PARF-DLPZLE-X,Raw Material,0.00050
L-MLCQ-BULK/FPS.DND.G27.01,OIL-OJJBIII-X,Raw Material,0.00010
L-MLCQ-BULK/FPS.DND.G27.01,VITA-DL E-MS,Raw Material,0.00010
L-MLCQ-BULK/FPS.DND.G27.01,TITA-OTS2CR50-,Raw Material,0.03550
L-MLCQ-BULK/FPS.DND.G27.01,WARN-C338--K,Raw Material,0.03250
L-MLCQ-BULK/FPS.DND.G27.01,WARN-TOA403-KF,Raw Material,0.02100
L-MLCQ-BULK/FPS.DND.G27.01,WARN-C196619-R6-K,Raw Material,0.00700
L-MLCQ-BULK/FPS.DND.G27.01,WARN-C335138--K,Raw Material,0.00350
L-MLCQ-BULK/FPS.DND.G27.01,WARN-C19012-DCR6-K,Raw Material,0.00550
L-MLCR-BULK/FPS.DND.G26.01,BENT-BGISDV-X,Raw Material,0.26000
L-MLCR-BULK/FPS.DND.G26.01,PURO-IDD-X,Raw Material,0.19350
L-MLCR-BULK/FPS.DND.G26.01,SILI-DC-PSFCS-X,Raw Material,0.08000
L-MLCR-BULK/FPS.DND.G26.01,SILI-BEL803-X,Raw Material,0.07000
L-MLCR-BULK/FPS.DND.G26.01,WAX-SBWX--X,Raw Material,0.04000
L-MLCR-BULK/FPS.DND.G26.01,HAIM-DIS-X,Raw Material,0.05500
L-MLCR-BULK/FPS.DND.G26.01,SILC-AERSLR-X,Raw Material,0.05500
L-MLCR-BULK/FPS.DND.G26.01,SILS-034-X,Raw Material,0.05250
L-MLCR-BULK/FPS.DND.G26.01,EMU-PS-,Raw Material,0.03130
L-MLCR-BULK/FPS.DND.G26.01,POL-U151-X,Raw Material,0.01500
L-MLCR-BULK/FPS.DND.G26.01,FILM-54ID-X,Raw Material,0.01500
L-MLCR-BULK/FPS.DND.G26.01,SILI-BELEG5-X,Raw Material,0.01000
L-MLCR-BULK/FPS.DND.G26.01,PENG-NPGEHP-X,Raw Material,0.00800
L-MLCR-BULK/FPS.DND.G26.01,EMO-SLCHS-X,Raw Material,0.00500
L-MLCR-BULK/FPS.DND.G26.01,PEN-SENSC50-X,Raw Material,0.00400
L-MLCR-BULK/FPS.DND.G26.01,ACTI-TINTT-X,Raw Material,0.00010
L-MLCR-BULK/FPS.DND.G26.01,PARF-DLPZLE-X,Raw Material,0.00050
L-MLCR-BULK/FPS.DND.G26.01,OIL-OJJBIII-X,Raw Material,0.00010
L-MLCR-BULK/FPS.DND.G26.01,VITA-DL E-MS,Raw Material,0.00010
L-MLCR-BULK/FPS.DND.G26.01,TITA-OTS2CR50-,Raw Material,0.03550
L-MLCR-BULK/FPS.DND.G26.01,WARN-TOA403-KF,Raw Material,0.02850
L-MLCR-BULK/FPS.DND.G26.01,WARN-C338--K,Raw Material,0.03100
L-MLCR-BULK/FPS.DND.G26.01,WARN-C19012-DCR6-K,Raw Material,0.00950
L-MLCR-BULK/FPS.DND.G26.01,WARN-C19011-R7CL-K,Raw Material,0.00040
BBC-RL02-BULK/FPS.RND.W308.00,UVIN-MC80-BASF,Raw Material,0.07500
BBC-RL02-BULK/FPS.RND.W308.00,SILI-DC9045-X,Raw Material,0.07000
BBC-RL02-BULK/FPS.RND.W308.00,BENT-BGISDV-X,Raw Material,0.06000
BBC-RL02-BULK/FPS.RND.W308.00,SOLV-BGKHN-X,Raw Material,0.05000
BBC-RL02-BULK/FPS.RND.W308.00,SILI-FZ3196-X,Raw Material,0.03000