"Product Korporat Code","Reference","BoM Lines/Product Template/Korporat Code","BoM Lines/Quantity","BoM Lines/Product Unit of Measure"
"DUSS-LMP4R0-W","1","DUS-LMP4R3-W","1.0","Pc(s)"
"","","STIC-PILMPR0-W","1.0","Pc(s)"
"","","STIC-PQLMP4R0-W","1.0","Pc(s)"
"DUSS-LBBCL30R1-WM","2","DUS-LBBCL30CR1-WILD","1.0","Pc(s)"
"","","STIC-PACESR1-WM","1.0","Pc(s)"
"DUSS-LMP3R0-W","1","DUS-LMP3R3-W","1.0","Pc(s)"
"","","STIC-PILMPR0-W","1.0","Pc(s)"
"","","STIC-PQLMP3R0-W","1.0","Pc(s)"
"DUSS-LBBCN30R1-WM","2","DUS-LBBCN30CR1-WILD","1.0","Pc(s)"
"","","STIC-PACESR1-WM","1.0","Pc(s)"
"DUSS-PMFN50R0-MO","2","DUS-PPFR1-MO","1.0","Pc(s)"
"","","STIC-VPPFN50R0-MO","1.0","Pc(s)"
"","","STIC-BCPPFN50R0-MO","1.0","Pc(s)"
"DUSS-PMFN40R0-MO","2","DUS-PPFR1-MO","1.0","Pc(s)"
"","","STIC-VPPFN40R0-MO","1.0","Pc(s)"
"","","STIC-BCPPFN40R0-MO","1.0","Pc(s)"
"DUSS-PMFC62R0-MO","2","DUS-PPFR1-MO","1.0","Pc(s)"
"","","STIC-VPPFC62R0-MO","1.0","Pc(s)"
"","","STIC-BCPPFC62R0-MO","1.0","Pc(s)"
"CONP-PSETWCR0-W","1","CONT-ETWCRLR0-WASBS","1.0","Pc(s)"
"TUBS-PBCFLS100-WM","1","STIC-PAPHUR0-WM","1.0","Pc(s)"
"","","TUBE-PBCFLS100R-W2L","1.0","Pc(s)"
"TUBS-PBCFLOC100-WM","1","STIC-PAPHUR0-WM","1.0","Pc(s)"
"","","TUBE-PBCFLOC100-W2L","1.0","Pc(s)"
"TUBS-NDSBFW60-WM","1","STIC-PALFT125-WM","1.0","Pc(s)"
"","","TUBE-SBFW60R1-W2L","1.0","Pc(s)"
"TUBS-CDECW100-WM","1","TUBE-CDECW100R0-W2L","1.0","Set"
"","","STIC-PALFT125-WM","1.0","Pc(s)"
"TUBS-RYAAFW100-WM","2","STIC-PALLCR0-WM","1.0","Pc(s)"
"","","TUBE-RYAAFW100-W2L","1.0","Pc(s)"
"DUSS-ADM40-WM","1","DUS-ADM40CR1-WACLG","1.0","Pc(s)"
"","","STIC-PALLCR0-WM","1.0","Pc(s)"
"PAPS-UVSAFE-WM","1","STIC-PALLCR0-WM","1.0","Pc(s)"
"","","PAP-UVSAFER1-W","1.0","Pc(s)"
"TUBS-LMGW100-WM","1","STIC-PAAR0-WM","1.0","Pc(s)"
"","","TUBE-LMGW100R0-W","1.0","Pc(s)"
"TUBS-LWFF100-WM","1","STIC-PAAR0-WM","1.0","Pc(s)"
"","","TUBE-LWFF100R0-W","1.0","Pc(s)"
"TUBS-CDEWF100-WM","1","STIC-PABBM01B-WMIP","1.0","Pc(s)"
"","","TUBE-CDEWF100R1-W","1.0","Pc(s)"
"TUBS-AJFS60-EM","1","STIC-PAER0-EM","1.0","Pc(s)"
"","","TUBE-AJFS60R1-E2L","1.0","Pc(s)"
"DUSS-MPASMG-EM","1","DUS-MPASMGR0-ELG","1.0","Pc(s)"
"","","STIC-PAGR0-EM","1.0","Pc(s)"
"TUBS-BSFW100-EM","2","TUBE-BSFW100R1-EPBL","1.0","Pc(s)"
"","","STIC-PAHR1-EM","1.0","Pc(s)"
"TUBS-AVG-EM","2","STIC-PAHR1-EM","1.0","Pc(s)"
"","","TUBE-AVGR2-E2L","1.0","Pc(s)"
"TUBS-CMB-EM","1","STIC-PALR0-EM","1.0","Pc(s)"
"","","TUBE-CMBR1-E","1.0","Pc(s)"
"TUBS-CMSC-EM","1","STIC-PALR0-EM","1.0","Pc(s)"
"","","TUBE-CMSCR0-E","1.0","Pc(s)"
"TUBS-CMSS-EM","1","STIC-PALR0-EM","1.0","Pc(s)"
"","","TUBE-CMSSR0-E","1.0","Pc(s)"
"TUBS-SBDBFW-EM","2","TUBE-SBDBFWR0-E","1.0","Pc(s)"
"","","STIC-PANR1-EM","1.0","Pc(s)"
"TUBS-AASG15-WM","1","STIC-PT1AASGR1-WM","1.0","Pc(s)"
"","","TUBE-ASATG15-W19LN","1.0","Pc(s)"
"","","STIC-PT2AASGR0-WM","1.0","Pc(s)"
"TUBS-BSAPFW100-EM","1","STIC-PAHR0-EM","1.0","Pc(s)"
"","","TUBE-BSAPFW100-EPBL","1.0","Pc(s)"
"DUSS-PMFW50R0-MO","2","STIC-BCPPFW50R0-MO","1.0","Pc(s)"
"","","STIC-VPPFW50R0-MO","1.0","Pc(s)"
"","","DUS-PPFR1-MO","1.0","Pc(s)"
"DUSS-PMFW60R0-MO","2","DUS-PPFR1-MO","1.0","Pc(s)"
"","","STIC-BCPPFW60R0-MO","1.0","Pc(s)"
"","","STIC-VPPFW60R0-MO","1.0","Pc(s)"
"BOTS-BSFT100-E","1","BOTO-PET100ML39-X","1.0","Pc(s)"
"","","STIC-SBSFT100-E","1.0","Pc(s)"
"BOTS-SCBMB100-W","2","BOTO-PETRF100B-X","1.0","Pc(s)"
"","","STIC-SBMB100-WGCC","1.0","Pc(s)"
"BOTS-SCBMJF100-W","2","BOTO-PETRF100B-X","1.0","Pc(s)"
"","","STIC-SBMJ100-WGCC","1.0","Pc(s)"
"BOTS-SCBMPC100-W","2","BOTO-PETRF100B-X","1.0","Pc(s)"
"","","STIC-SBMPC100-WGCC","1.0","Pc(s)"
"BOTS-SCBMPR100-W","2","BOTO-PETRF100B-X","1.0","Pc(s)"
"","","STIC-SBMPR100-WGCC","1.0","Pc(s)"
"DUSS-CDDDCL20-WM","2","STIC-PAPBBPR0-WM","1.0","Pc(s)"
"","","DUS-CDDDCL20R1-W","1.0","Pc(s)"
"TUBS-MPASFW-EM","1","STIC-PAHR0-EM","1.0","Pc(s)"
"","","TUBE-MPASFWR1-EOVG","1.0","Pc(s)"
"DUSS-PMFC41R0-MO","2","DUS-PPFR1-MO","1.0","Pc(s)"
"","","STIC-VPPFC41R0-MO","1.0","Pc(s)"
"","","STIC-BCPPFC41R0-MO","1.0","Pc(s)"
"DUSS-PMFC31R0-MO","2","STIC-BCPPFC31R0-MO","1.0","Pc(s)"
"","","STIC-VPPFC31R0-MO","1.0","Pc(s)"
"","","DUS-PPFR1-MO","1.0","Pc(s)"
"DUSS-PMFC51R0-MO","2","STIC-VPPFC51R0-MO","1.0","Pc(s)"
"","","STIC-BCPPFC51R0-MO","1.0","Pc(s)"
"","","DUS-PPFR1-MO","1.0","Pc(s)"
"DUSS-PMFW12R0-MO","2","STIC-VPPFW12R0-MO","1.0","Pc(s)"
"","","DUS-PPFR1-MO","1.0","Pc(s)"
"","","STIC-BCPPFW12R0-MO","1.0","Pc(s)"
"DUSS-PMFW21R0-MO","2","DUS-PPFR1-MO","1.0","Pc(s)"
"","","STIC-VPPFW21R0-MO","1.0","Pc(s)"
"","","STIC-BCPPFW21R0-MO","1.0","Pc(s)"
"DUSS-PMFW32R0-MO","2","DUS-PPFR1-MO","1.0","Pc(s)"
"","","STIC-VPPFW32R0-MO","1.0","Pc(s)"
"","","STIC-BCPPFW32R0-MO","1.0","Pc(s)"
"TUBS-BSTUC20R0-E","1","STIC-PKTUBDBSTUC-E","1.0","Pc(s)"
"","","TUBE-BSTUCR1-E","1.0","Pc(s)"
"","","STIC-PKTBSTUC-E","1.0","Pc(s)"
"TUBS-CDECW100R1-WM","1","STIC-PALFT125-WM","1.0","Pc(s)"
"","","TUBE-CDECW100R1-W2L","1.0","Pc(s)"
"BOTS-ROFOHE60-W","5","STIC-BROFHER5-W","1.0","Pc(s)"
"","","BOTO-RO60-60-P","1.0","Pc(s)"
"","","STIC-FROFHER5-W","1.0","Pc(s)"
"TUBS-LGE50R1-WM","1","TUBE-LGE50-WPBL","1.0","Pc(s)"
"","","STIC-PAGR0-WM","1.0","Pc(s)"
"TUBS-CDEWF100R1-WM","1","TUBE-CDEWF100R1-W","1.0","Pc(s)"
"","","STIC-PALFT125-WM","1.0","Pc(s)"
"DUSS-EMLC09R0-WM","1","STIC-PADEMLC01-WMV","1.0","Pc(s)"
"","","DUSS-EMLC09H-W","1.0","Pc(s)"
"DUSS-PMFN20R0-MO","2","DUS-PPFR1-MO","1.0","Pc(s)"
"","","STIC-BCPPFN20R0-MO","1.0","Pc(s)"
"","","STIC-VPPFN20R0-MO","1.0","Pc(s)"
"DUSS-PMFW30R0-MO","2","STIC-VPPFW30R0-MO","1.0","Pc(s)"
"","","DUS-PPFR1-MO","1.0","Pc(s)"
"","","STIC-BCPPFW30R0-MO","1.0","Pc(s)"
"DUSS-EMLC16H-W","2","DUS-EMLC16C-WILD","1.0","Pc(s)"
"","","STIC-HEMLCR1-W","1.0","Pc(s)"
"DUSS-EMLC17H-W","2","DUS-EMLC17C-WILD","1.0","Pc(s)"
"","","STIC-HEMLCR1-W","1.0","Pc(s)"
"BOTP-CVMPB12R0-W","1","BOTO-CVML12R0-W","1.0","Pc(s)"
"DUSS-EMLC18H-W","2","DUS-EMLC18C-WILD","1.0","Pc(s)"
"","","STIC-HEMLCR1-W","1.0","Pc(s)"
"DUSS-PMFN10R0-MO","2","STIC-BCPPFN10R0-MO","1.0","Pc(s)"
"","","STIC-VPPFN10R0-MO","1.0","Pc(s)"
"","","DUS-PPFR1-MO","1.0","Pc(s)"
"DUSS-PMFW22R0-MO","2","STIC-BCPPFW22R0-MO","1.0","Pc(s)"
"","","DUS-PPFR1-MO","1.0","Pc(s)"
"","","STIC-VPPFW22R0-MO","1.0","Pc(s)"
"DUSS-PMFC21R0-MO","2","STIC-VPPFC21R0-MO","1.0","Pc(s)"
"","","STIC-BCPPFC21R0-MO","1.0","Pc(s)"
"","","DUS-PPFR1-MO","1.0","Pc(s)"
"DUSS-EMLC04H-W","2","STIC-HEMLCR1-W","1.0","Pc(s)"
"","","DUS-EMLC04C-WILD","1.0","Pc(s)"
"DUSS-EMLC05H-W","2","STIC-HEMLCR1-W","1.0","Pc(s)"
"","","DUS-EMLC05C-WILD","1.0","Pc(s)"
"DUSS-EMLC06H-W","2","STIC-HEMLCR1-W","1.0","Pc(s)"
"","","DUS-EMLC06C-WILD","1.0","Pc(s)"
"DUSS-EMLC07H-W","2","STIC-HEMLCR1-W","1.0","Pc(s)"
"","","DUS-EMLC07C-WILD","1.0","Pc(s)"
"DUSS-PMFW33R0-MO","2","STIC-VPPFW33R0-MO","1.0","Pc(s)"
"","","STIC-BCPPFW33R0-MO","1.0","Pc(s)"
"","","DUS-PPFR1-MO","1.0","Pc(s)"
"DUSS-PMFN30R0-MO","2","STIC-VPPFN30R0-MO","1.0","Pc(s)"
"","","DUS-PPFR1-MO","1.0","Pc(s)"
"","","STIC-BCPPFN30R0-MO","1.0","Pc(s)"
"DUSS-EMLC10H-W","2","STIC-HEMLCR1-W","1.0","Pc(s)"
"","","DUS-EMLC10C-WILD","1.0","Pc(s)"
"DUSS-PMFW42R0-MO","2","DUS-PPFR1-MO","1.0","Pc(s)"
"","","STIC-VPPFW42R0-MO","1.0","Pc(s)"
"","","STIC-BCPPFW42R0-MO","1.0","Pc(s)"
"DUSS-PMFW41R0-MO","2","DUS-PPFR1-MO","1.0","Pc(s)"
"","","STIC-BCPPFW41R0-MO","1.0","Pc(s)"
"","","STIC-VPPFW41R0-MO","1.0","Pc(s)"
"DUSS-EMLC12H-W","2","STIC-HEMLCR1-W","1.0","Pc(s)"
"","","DUS-EMLC12C-WILD","1.0","Pc(s)"
"DUSS-EMLC13H-W","2","STIC-HEMLCR1-W","1.0","Pc(s)"
"","","DUS-EMLC13C-WILD","1.0","Pc(s)"
"DUSS-EMLC09H-W","2","DUS-EMLC09C-WILD","1.0","Pc(s)"
"","","STIC-HEMLCR1-W","1.0","Pc(s)"
"DUSS-EMLC11H-W","2","DUS-EMLC11C-WILD","1.0","Pc(s)"
"","","STIC-HEMLCR1-W","1.0","Pc(s)"
"BOTP-WIEIM09R0-W","1","BOTO-IEIMLR0-W","1.0","Pc(s)"
"BOTP-WIEIM10R0-W","1","BOTO-IEIMLR0-W","1.0","Pc(s)"
"BOTP-WIEIM11R0-W","1","BOTO-IEIMLR0-W","1.0","Pc(s)"
"BOTP-WIEIM12R0-W","1","BOTO-IEIMLR0-W","1.0","Pc(s)"
"BOTP-CADLP15DNR0-W","1","BOTO-CADLPR0-W","1.0","Pc(s)"
"BOTP-CADLP14RLR0-W","1","BOTO-CADLPR0-W","1.0","Pc(s)"
"BOTP-PTMSE10-MO","1","BOTO-PTMLCR1-MO","1.0","Pc(s)"
"DUSS-CSBANC15-W","1","STIC-PDCSNC15R0-W","1.0","Pc(s)"
"","","DUS-CSBANC15-W","1.0","Pc(s)"
"POTP-BGSPAREV17-P","1","POT-R720WHITE-PP","1.0","Pc(s)"
"","","STIC-PSSBGS72HG-1158","1.0","Pc(s)"
"POTP-CBA720REV1-P","1","POT-R720WHITE-PP","1.0","Pc(s)"
"","","STIC-PNCA720HGP-1158","1.0","Pc(s)"
"POTP-CBAV720REV-P","1","POT-R720WHITE-PP","1.0","Pc(s)"
"","","STIC-PNCAV720HG-1158","1.0","Pc(s)"
"POTP-CBC720REV1-P","1","POT-R720WHITE-PP","1.0","Pc(s)"
"","","STIC-PNCCN720HG-1158","1.0","Pc(s)"
"POTP-CBGINREV17-P","1","POT-R720WHITE-PP","1.0","Pc(s)"
"","","STIC-PNCG720HGP-1158","1.0","Pc(s)"
"POTP-HMSPAREV17-P","1","STIC-PSSHMS72HG-1158","1.0","Pc(s)"
"","","POT-R720WHITE-PP","1.0","Pc(s)"
"POTP-LWOBS720RE-P","1","STIC-PSSOBS72HG-1158","1.0","Pc(s)"
"","","POT-R720WHITE-PP","1.0","Pc(s)"
"POTP-NP3P720N_L-P","2","STIC-PPNS272R1H-1158","1.0","Pc(s)"
"","","POT-R720BLACK-PP","1.0","Pc(s)"
"POTP-P1720REV1-P","1","POT-R720WHITE-PP","1.0","Pc(s)"
"POTP-PCLBHM250-IX","1","POT-R250BLACK-PP","1.0","Pc(s)"
"POTP-PCLBHM500-IX","1","POT-R500BLACK-PP","1.0","Pc(s)"
"POTP-PISHM250-IX","1","POT-R250BLACK-PP","1.0","Pc(s)"
"POTP-PISHM500-IX","1","POT-R500BLACK-PP","1.0","Pc(s)"
"POTP-PISTHM250-IX","1","POT-R250BLACK-PP","1.0","Pc(s)"
"POTP-PISTHM500-IX","1","POT-R500BLACK-PP","1.0","Pc(s)"
"POTP-PP720REV1-P","1","STIC-PPPS172R1H-1158","1.0","Pc(s)"
"","","POT-R720BLACK-PP","1.0","Pc(s)"
"POTP-PTCHM250-IX","2","POT-R250BLACK-PP","1.0","Pc(s)"
"","","STIC-FTCHM250-IXPS","1.0","Pc(s)"
"POTP-RSPA720N_L-P","1","POT-R720WHITE-PP","1.0","Pc(s)"
"","","STIC-PSSRS720HG-1158","1.0","Pc(s)"
"POTP-RSPAR1720-P","2","POT-R720WHITE-PP","1.0","Pc(s)"
"","","STIC-PSSRS720HG-1158","1.0","Pc(s)"
"POTS-CBA240N_L-P","2","POT-R250WHITE-PP","1.0","Pc(s)"
"","","STIC-PNCA240SHG-1652","1.0","Pc(s)"
"POTS-CBAV240N_L-P","3","POT-R250WHITE-PP","1.0","Pc(s)"
"","","STIC-PNCAV240SH-1652","1.0","Pc(s)"
"POTS-CBBO100-W","2","POT-R100PGOLD-PP","1.0","Pc(s)"
"","","STIC-BCBBOR1-W100","1.0","Pc(s)"
"POTS-CBBO150WRP-W","5","POT-R150PGUO-WPP","1.0","Pc(s)"
"","","STIC-BOCBBOL15-R2PP","1.0","Pc(s)"
"POTS-CBBR150WRP-W","5","POT-R150PGUR-WPP","1.0","Pc(s)"
"","","STIC-BOCBBR15-R2PP","1.0","Pc(s)"
"POTS-HMP240N_L-P","2","POT-R250BLACK-PP","1.0","Pc(s)"
"","","STIC-PPHM24R2HG-3152","1.0","Pc(s)"
"POTS-HMPREV1720-P","1","POT-R720BLACK-PP","1.0","Pc(s)"
"","","STIC-PPHM72R1HG-1158","1.0","Pc(s)"
"POTS-HMSPA240N_-P","2","POT-R250WHITE-PP","1.0","Pc(s)"
"","","STIC-PSSHMS24SH-3152","1.0","Pc(s)"
"","","STIC-PPSSHMS240-PPVG","1.0","Pc(s)"
"POTS-HMSPAREV12-P","1","POT-R250WHITE-PP","1.0","Pc(s)"
"","","STIC-PSSHMS24SH-3152","1.0","Pc(s)"
"","","STIC-PPSSHMS240-PPVG","1.0","Pc(s)"
"POTS-LWOBS240RE-P","1","POT-R250WHITE-PP","1.0","Pc(s)"
"","","STIC-PSSOBS24SH-3182","1.0","Pc(s)"
"POTS-NLPS2REV17-P","1","POT-R720BLACK-PP","1.0","Pc(s)"
"","","STIC-PPNS272R1H-1158","1.0","Pc(s)"
"POTS-OBS150N_L-P","1","STIC-PSSOBS15BH-7814","1.0","Pc(s)"
"","","STIC-PSSOBS15DH-5654","1.0","Pc(s)"
"","","POT-C115PP--P","1.0","Pc(s)"
"POTS-PPS1720REV-P","2","POT-R720BLACK-PP","1.0","Pc(s)"
"","","STIC-PPPS172R1H-1158","1.0","Pc(s)"
"POTS-SBSO240WRP-W","5","POT-R250PGUO-WPP","1.0","Pc(s)"
"","","STIC-BTSBSO2R2-W240","1.0","Pc(s)"
"POTS-SBSPF150WR-W","4","POT-R150PGUP-WPP","1.0","Pc(s)"
"","","STIC-BTSBSPFR2-W150","1.0","Pc(s)"
"PPUF-LBCPR-W","2","PUFF-TWCNBRD545-T","1.0","Pc(s)"
"","","PLAS-SLBCPRR1-WOPP","1.0","Pc(s)"
"TUBS-PBCFBS60-W","1","TUBE-PBCFLS60R0-W2L","1.0","Pc(s)"
"","","STIC-PTPBCFS60-WCNF","1.0","Pc(s)"
"CAPS-HMSPAREV12-P","2","CAPP-R150BRR1-PP","1.0","Pc(s)"
"","","STIC-PSSHMS24CH-D78S","1.0","Pc(s)"
"CAPS-OBS240REV1-P","2","CAPP-R150BRR1-PP","1.0","Pc(s)"
"","","STIC-PSSOBS24CH-D78S","1.0","Pc(s)"
"TUBF-NFSPBCFBS-W","1","FW-PBCFLS-BULK","0.015","kg"
"","","TUBE-NFSPBCFS-WPBL","1.0","Pc(s)"
"TUBF-NFSPBCFBO-W","1","FW-PBCFLO-BULK","0.015","kg"
"","","TUBE-NFSPBCFO-WPBL","1.0","Pc(s)"
"BOTO-SBSLPR3-E","2","PS-BSLPR1-EBS","1.03","Pc(s)"
"","","BOTO-BSLPR2-EM","1.0","Pc(s)"
"CONP-ETWCR0-W","1","CONT-ETWCRLR0-WASBS","1.0","Pc(s)"
"BOTS-AHHG100-W","4","BOTO-PET100W-WPET","1.0","Pc(s)"
"","","STIC-FAHHGR1-W","1.0","Pc(s)"
"","","STIC-BAHHGR1-W","1.0","Pc(s)"
"LCBP-MFTLQ-E","1","LCB-MFTLQ-E10","1.0","Pc(s)"
"LCBP-MFTDQ-E","1","LCB-MFTDQ-E02","1.0","Pc(s)"
"LCBP-MFTSCQ-E","1","LCB-MFTSCQ-E05","1.0","Pc(s)"
"LCBP-MFTLCB07-E","1","LCB-MFTLCB07-ECSIQ","1.0","Pc(s)"
"BOTO-SBMIS10R0-EM","1","BOTO-PPBM10R0-E","1.0","Pc(s)"
"","","PS-EBM10ISR0-E","1.0","Pc(s)"
"BOTO-SBMOM10R0-EM","1","BOTO-PPBM10R0-E","1.0","Pc(s)"
"","","PS-EBM10OMR0-E","1.0","Pc(s)"
"BOTO-SBMPD10R0-EM","1","PS-EBM10PDR0-E","1.0","Pc(s)"
"","","BOTO-PPBM10R0-E","1.0","Pc(s)"
"BOTO-SBMRF10R0-EM","1","PS-EBM10RFR0-E","1.0","Pc(s)"
"","","BOTO-PPBM10R0-E","1.0","Pc(s)"
"BOTP-CCA10150-IX","1","BOTO-L200BLA-PP","1.0","Pc(s)"
"BOTP-CCA20150-IX","1","BOTO-L200BLA-PP","1.0","Pc(s)"
"BOTP-CCA30150-IX","1","BOTO-L200BLA-PP","1.0","Pc(s)"
"BOTP-CCA40150-IX","1","BOTO-L200BLA-PP","1.0","Pc(s)"
"BOTS-AHHG100R1-W","1","BOTO-BR100SO-W","1.0","Pc(s)"
"","","STIC-FAHHGR1-W","1.0","Pc(s)"
"","","STIC-BAHHGR1-W","1.0","Pc(s)"
"BOTP-CWSREV1450-P","1","BOTO-L450WHI-PP","1.0","Pc(s)"
"BOTP-DPPN_L200-P","2","BOTO-L200BLA-PP","1.0","Pc(s)"
"","","STIC-PPDM20R1HG-6012","1.0","Pc(s)"
"TUBS-PBCFBS100-WM","1","TUBE-PBCFLS100R-W2L","1.0","Pc(s)"
"","","STIC-PTPBCFS100-WMC","1.0","Pc(s)"
"DUSS-WSPTE100-WM","1","DUS-WSPTER1-W","1.0","Pc(s)"
"","","STIC-PDWSPTE-WMHF","1.0","Pc(s)"
"BOTP-GDC750-IX","1","BOTO-C750GTP-PET28","1.0","Pc(s)"
"BOTP-GDS750-IX","1","BOTO-C750GTP-PET28","1.0","Pc(s)"
"BOTP-HSNAHREV12-P","1","BOTO-L200NAT-PP","1.0","Pc(s)"
"BOTP-HSNAHREV14-P","1","BOTO-L450NAT-PP","1.0","Pc(s)"
"BOTP-HSNANBREV1-P","1","BOTO-L200NAT-PP","1.0","Pc(s)"
"BOTP-HSNANHREV1-P","1","BOTO-L450NAT-PP","1.0","Pc(s)"
"BOTP-HTADREV120-P","1","BOTO-L200NAT-PP","1.0","Pc(s)"
"BOTP-HTGIN200RE-P","1","BOTO-L200NAT-PP","1.0","Pc(s)"
"BOTP-HTGIN450RE-P","1","BOTO-L450NAT-PP","1.0","Pc(s)"
"BOTP-HTGREE200N-P","2","BOTO-L200NAT-PP","1.0","Pc(s)"
"BOTP-HTNK450REV-P","1","BOTO-L450NAT-PP","1.0","Pc(s)"
"BOTP-HTNKREV120-P","1","BOTO-L200NAT-PP","1.0","Pc(s)"
"BOTP-HTNTOH200R-P","1","BOTO-L200NAT-PP","1.0","Pc(s)"
"BOTP-HTNTOH450R-P","1","BOTO-L450NAT-PP","1.0","Pc(s)"
"BOTP-HTSL200REV-P","1","BOTO-L200NAT-PP","1.0","Pc(s)"
"BOTP-HTSL450REV-P","1","BOTO-L450NAT-PP","1.0","Pc(s)"
"BOTP-HTSLEREV14-P","1","BOTO-L450NAT-PP","1.0","Pc(s)"
"BOTP-HTSPAL2REV-P","1","BOTO-L200NAT-PP","1.0","Pc(s)"
"BOTP-HTSPALREV1-P","1","BOTO-L200NAT-PP","1.0","Pc(s)"
"BOTP-MKMN_L100-P","1","BOTO-HW100NP-DK12033","1.0","Pc(s)"
"","","STIC-PNCNO100HG-5070","1.0","Pc(s)"
"BOTP-MUR100-W","1","BOTO-BNG100PVC-","1.0","Pc(s)"
"BOTP-NLREV1450-P","2","BOTO-L450WHI-PP","1.0","Pc(s)"
"L-CVM01RMDR0-W","1","L-CVM01-W","1.0","Pc(s)"
"L-CVM08RMDR0-W","1","L-CVM08-W","1.0","Pc(s)"
"L-CVM09RMDR0-W","1","L-CVM09-W","1.0","Pc(s)"
"L-CVM10RMDR0-W","1","L-CVM010-W","1.0","Pc(s)"
"BOTP-PBCACS240-IX","1","BOTO-C240TBP-PET24","1.0","Pc(s)"
"L-CVM13RMDR0-W","1","L-CVM013-W","1.0","Pc(s)"
"BOTP-PCHCA450RE-P","1","BOTO-L450NAT-PP","1.0","Pc(s)"
"BOTP-PCHCAREV12-P","1","BOTO-L200NAT-PP","1.0","Pc(s)"
"BOTP-PCHCFREV12-P","1","BOTO-L200NAT-PP","1.0","Pc(s)"
"BOTP-PCHCFREV14-P","1","BOTO-L450NAT-PP","1.0","Pc(s)"
"BOTP-PCLBLOS240-IX","1","BOTO-C240TBP-PET24","1.0","Pc(s)"
"BOTP-PCSHA450RE-P","1","BOTO-L450NAT-PP","1.0","Pc(s)"
"BOTP-PCSHAREV12-P","1","BOTO-L200NAT-PP","1.0","Pc(s)"
"BOTP-PCSHL450RE-P","1","BOTO-L450NAT-PP","1.0","Pc(s)"
"BOTP-PCSHLE450R-P","1","BOTO-L450NAT-PP","1.0","Pc(s)"
"BOTP-PCSHLEREV1-P","1","BOTO-L200NAT-PP","1.0","Pc(s)"
"BOTP-PCSHSPALER-P","1","BOTO-L200NAT-PP","1.0","Pc(s)"
"BOTP-PCSSLR1200-P","1","BOTO-L200NAT-PP","1.0","Pc(s)"
"BOTP-PCSSLR1450-P","1","BOTO-L450NAT-PP","1.0","Pc(s)"
"BOTP-PCSSLREV14-P","1","BOTO-L450NAT-PP","1.0","Pc(s)"
"BOTP-PISCS240-IX","1","BOTO-C240TBP-PET24","1.0","Pc(s)"
"BOTP-PISTT240-IX","1","BOTO-C240TBP-PET24","1.0","Pc(s)"
"POTS-BGSPAREV12-P","3","STIC-SBGS240R1-PVG","1.0","Pc(s)"
"","","POT-R250WHITE-PP","1.0","Pc(s)"
"CAPS-CBGSPAREV1-P","2","CAPP-R150BRR1-PP","1.0","Pc(s)"
"","","STIC-PSSBGS24CH-D78S","1.0","Pc(s)"
"BOTP-PTCRS240-IX","1","BOTO-C240TBP-PET24","1.0","Pc(s)"
"BOTP-SES750-IX","1","BOTO-C750RPP-PET28","1.0","Pc(s)"
"BOTP-SG200N_L-P","2","BOTO-L200NAT-PP","1.0","Pc(s)"
"BOTP-SGIN200REV-P","1","BOTO-L200NAT-PP","1.0","Pc(s)"
"BOTP-SGLREV1200-P","1","BOTO-L200NAT-PP","1.0","Pc(s)"
"BOTP-SLREV1200-P","1","BOTO-L200NAT-PP","1.0","Pc(s)"
"BOTP-SSNC360-IX","1","BOTO-L450BLA-PP","1.0","Pc(s)"
"BOTP-PSFSCMBS30-T","1","BOTO-GNSMS30-T","1.0","Pc(s)"
"DUSS-RYAANC17R0-W","1","STIC-PDARYNC17-W","1.0","Pc(s)"
"","","DUS-RYAANC17CR1-WICV","1.0","Pc(s)"
"","","STIC-PDBRYNC17-W","1.0","Pc(s)"
"BOTP-SSPALEREV1-P","1","BOTO-L200NAT-PP","1.0","Pc(s)"
"BOTS-APD60NP-W","2","BOTO-RO60-60-P","1.0","Pc(s)"
"","","STIC-APD60HR2-PEW2G","1.0","Pc(s)"
"BOTS-APRT100-W","1","STIC-BAPRT100-WGCE","1.0","Pc(s)"
"","","BOTO-BNG100PVC-","1.0","Pc(s)"
"","","STIC-FAPRT100-WGCE","1.0","Pc(s)"
"BOTS-CMCL50R0-EM","2","STIC-SAMCMCLR2-EPEW","1.0","Pc(s)"
"","","BOTO-L50NAT-UPP","1.0","Pc(s)"
"DUSS-PBMS2820-WM","1","STIC-PAPBBPR0-WM","1.0","Pc(s)"
"","","DUS-PBMS2820R1-WILG","1.0","Pc(s)"
"L-CVM02WDDR0-W","1","L-CVM02-W","1.0","Pc(s)"
"L-CVM04WDDR0-W","1","L-CVM04-W","1.0","Pc(s)"
"L-CVM06WDDR0-W","1","L-CVM06-W","1.0","Pc(s)"
"L-CVM07WDDR0-W","1","L-CVM07-W","1.0","Pc(s)"
"L-CVM08WDDR0-W","1","L-CVM08-W","1.0","Pc(s)"
"BOTS-MIAB50R0-EM","2","STIC-SAMMIABR1-EPEW","1.0","Pc(s)"
"","","BOTO-L50NAT-UPP","1.0","Pc(s)"
"BOTS-MIW185-MO","1","STIC-FMW185R0-MO","1.0","Pc(s)"
"","","STIC-BMW185R0-MO","1.0","Pc(s)"
"","","BOTO-K200PET-X","1.0","Pc(s)"
"DUSS-WHPMG40-WM","2","DUS-WHPMG40R3C-WILG","1.0","Pc(s)"
"","","STIC-PAELR0-WM","1.0","Pc(s)"
"BOTS-MPASFT50-EM","1","STIC-MPASFTR0-EVG","1.0","Pc(s)"
"","","BOTO-L50NAT-UPP","1.0","Pc(s)"
"BOTS-MUR100R0-MO","2","STIC-FMURR3-MO","1.0","Pc(s)"
"","","BOTO-BNG100PVC-","1.0","Pc(s)"
"","","STIC-BMURR3-MO","1.0","Pc(s)"
"BOTS-MURDLIS50-EM","2","BOTO-L50NAT-UPP","1.0","Pc(s)"
"","","STIC-SAMDLMUR1-EPET","1.0","Pc(s)"
"BOTS-PRTM40R0-MO","3","STIC-SPRTMR0-MOMDO","1.0","Pc(s)"
"","","BOTO-GA1302RX-MO","1.0","Pc(s)"
"BOTS-PWCM42R1-MO","1","BOTO-GA1302R1-MOF","1.0","Pc(s)"
"","","STIC-SPWCMR1-MOMD","1.0","Pc(s)"
"DUSS-EMLC01H-W","2","DUS-EMLC01C-WILD","1.0","Pc(s)"
"","","STIC-HEMLCR1-W","1.0","Pc(s)"
"DUSS-EMLC02H-W","2","DUS-EMLC02C-WILD","1.0","Pc(s)"
"","","STIC-HEMLCR1-W","1.0","Pc(s)"
"DUSS-EMLC03H-W","2","STIC-HEMLCR1-W","1.0","Pc(s)"
"","","DUS-EMLC03C-WILD","1.0","Pc(s)"
"DUSS-EMLC08H-W","2","DUS-EMLC08C-WILD","1.0","Pc(s)"
"","","STIC-HEMLCR1-W","1.0","Pc(s)"
"DUSS-EMLC14H-W","2","DUS-EMLC14C-WILD","1.0","Pc(s)"
"","","STIC-HEMLCR1-W","1.0","Pc(s)"
"DUSS-EMLC15H-W","2","DUS-EMLC15C-WILD","1.0","Pc(s)"
"","","STIC-HEMLCR1-W","1.0","Pc(s)"
"BOTP-PTMSE20-MO","1","BOTO-PTMLCR1-MO","1.0","Pc(s)"
"BOTP-PTMSE30-MO","1","BOTO-PTMLCR1-MO","1.0","Pc(s)"
"BOTP-PTMSE40-MO","1","BOTO-PTMLCR1-MO","1.0","Pc(s)"
"BOTP-PTMSE50-MO","1","BOTO-PTMLCR1-MO","1.0","Pc(s)"
"BOTP-PTMSE60-MO","1","BOTO-PTMLCR1-MO","1.0","Pc(s)"
"DUSS-RCVPF11CR0-W","1","STIC-VRCVPF11CR0-W","1.0","Pc(s)"
"","","DUS-RCVPFR0-W","1.0","Pc(s)"
"","","STIC-BCRCVP11CR0-W","1.0","Pc(s)"
"DUSS-RCVPF22NR0-W","1","STIC-BCRCVP22NR0-W","1.0","Pc(s)"
"","","STIC-VRCVPF22NR0-W","1.0","Pc(s)"
"","","DUS-RCVPFR0-W","1.0","Pc(s)"
"DUSS-RCVPF33WR0-W","1","STIC-BCRCVP33WR0-W","1.0","Pc(s)"
"","","STIC-VRCVPF33WR0-W","1.0","Pc(s)"
"","","DUS-RCVPFR0-W","1.0","Pc(s)"
"DUSS-RCVPF42NR0-W","1","STIC-VRCVPF42NR0-W","1.0","Pc(s)"
"","","DUS-RCVPFR0-W","1.0","Pc(s)"
"","","STIC-BCRCVP42NR0-W","1.0","Pc(s)"
"DUSS-RCVPF43WR0-W","1","DUS-RCVPFR0-W","1.0","Pc(s)"
"","","STIC-BCRCVP43WR0-W","1.0","Pc(s)"
"","","STIC-VRCVPF43WR0-W","1.0","Pc(s)"
"DUSS-RCVPF52NR0-W","1","DUS-RCVPFR0-W","1.0","Pc(s)"
"","","STIC-VRCVPF52NR0-W","1.0","Pc(s)"
"","","STIC-BCRCVP52NR0-W","1.0","Pc(s)"
"DUSS-RCVPF23WR0-W","1","STIC-BCRCVP23WR0-W","1.0","Pc(s)"
"","","STIC-VRCVPF23WR0-W","1.0","Pc(s)"
"","","DUS-RCVPFR0-W","1.0","Pc(s)"
"DUSS-RCVPF32NR0-W","1","DUS-RCVPFR0-W","1.0","Pc(s)"
"","","STIC-BCRCVP32NR0-W","1.0","Pc(s)"
"","","STIC-VRCVPF32NR0-W","1.0","Pc(s)"
"TUBS-HRFC100R0-WM","1","TUBE-HRFC100R0-W","1.0","Pc(s)"
"","","STIC-PALFT125-WM","1.0","Pc(s)"
"TUBS-LBCM50-WM","1","TUBE-LBCM50-WPBL","1.0","Pc(s)"
"","","STIC-PAGR0-WM","1.0","Pc(s)"
"BOTS-MURDLIS50R1-EM","2","STIC-PAGR1-EM","1.0","Pc(s)"
"","","BOTO-L50NAT-UPP","1.0","Pc(s)"
"","","STIC-SAMDLMUR1-EPET","1.0","Pc(s)"
"BOTP-ILSLS01R0-W","1","BOTO-WILSLSR0-W","1.0","Pc(s)"
"BOTP-ILSLS02R0-W","1","BOTO-WILSLSR0-W","1.0","Pc(s)"
"BOTP-ILSLS03R0-W","1","BOTO-WILSLSR0-W","1.0","Pc(s)"
"BOTP-ILSLS04R0-W","1","BOTO-WILSLSR0-W","1.0","Pc(s)"
"BOTP-ILSLS05R0-W","1","BOTO-WILSLSR0-W","1.0","Pc(s)"
"BOTP-ILSLS06R0-W","1","BOTO-WILSLSR0-W","1.0","Pc(s)"
"DUSS-CSEDCC10R0-W","1","STIC-PACESR0-WM","1.0","Pc(s)"
"","","DUS-CSEDCC10R1-W","1.0","Pc(s)"
"DUSS-BSTUC20R0-E","2","STIC-PKTUBDBSTUC-E","1.0","Pc(s)"
"","","STIC-PKUBBSTUC-E","1.0","Pc(s)"
"","","DUS-BSTUCR3-E","1.0","Pc(s)"
"DUSS-LSA30R0-WM","1","DUS-LSA30R1-W","1.0","Pc(s)"
"","","STIC-PAAR0-WM","1.0","Pc(s)"
"TUBS-LMGW100R1-WM","1","STIC-PAAR0-WM","1.0","Pc(s)"
"","","TUBE-LMGW100R0-WPBL","1.0","Pc(s)"
"TUBS-APFC60R1-WM","1","TUBE-APFC60R2-W","1.0","Pc(s)"
"","","STIC-PAPHUR0-WM","1.0","Pc(s)"
"TUBS-PBCFLS100R1-WM","1","STIC-PAPHUR0-WM","1.0","Pc(s)"
"","","TUBE-PBCFLS100R1-W2L","1.0","Pc(s)"
"DUSS-DMCP02R0-E","1","STIC-VDMCP02R0-E","1.0","Pc(s)"
"","","DUS-DMCPR0-E","1.0","Pc(s)"
"DUSS-DMCP01R0-E","1","STIC-VDMCP01R0-E","1.0","Pc(s)"
"","","DUS-DMCPR0-E","1.0","Pc(s)"
"DUSS-DMCP03R0-E","1","STIC-VDMCP03R0-E","1.0","Pc(s)"
"","","DUS-DMCPR0-E","1.0","Pc(s)"
"DUSS-DMCP04R0-E","1","DUS-DMCPR0-E","1.0","Pc(s)"
"","","STIC-VDMCP04R0-E","1.0","Pc(s)"
"TUBS-AHFW100-WM","1","STIC-PALFT125-WM","1.0","Pc(s)"
"","","TUBE-AHFW100R2-W2L","1.0","Pc(s)"
"BOTP-CVMPB01R0-W","1","BOTO-CVMLM1R0-W","1.0","Pc(s)"
"BOTP-CVMPB02R0-W","1","BOTO-CVMLM2R0-W","1.0","Pc(s)"
"BOTP-CVMPB03R0-W","1","BOTO-CVMLM3R0-W","1.0","Pc(s)"
"BOTP-CVMPB04R0-W","1","BOTO-CVMLM4R0-W","1.0","Pc(s)"
"BOTP-CVMPB05R0-W","1","BOTO-CVMLM5R0-W","1.0","Pc(s)"
"BOTP-CVMPB06R0-W","1","BOTO-CVMLM6R0-W","1.0","Pc(s)"
"BOTP-CVMPB07R0-W","1","BOTO-CVMLM7R0-W","1.0","Pc(s)"
"BOTP-CVMPB08R0-W","1","BOTO-CVMLM8R0-W","1.0","Pc(s)"
"BOTP-CVMPB09R0-W","1","BOTO-CVML9R0-W","1.0","Pc(s)"
"BOTP-CVMPB10R0-W","1","BOTO-CVML10R0-W","1.0","Pc(s)"
"BOTP-CVMPB11R0-W","1","BOTO-CVML11R0-W","1.0","Pc(s)"
"BOTP-CVMPB13R0-W","1","BOTO-CVML13R0-W","1.0","Pc(s)"
"BOTP-CVMPB14R0-W","1","BOTO-CVML14R0-W","1.0","Pc(s)"
"BOTP-WIMLMPFER0-IP","1","BOTO-IMLMPR0-W","1.0","Pc(s)"
"BOTP-CADLP00AJR0-W","1","BOTO-CADLPR0-W","1.0","Pc(s)"
"BOTP-CADLP13DLR0-W","1","BOTO-CADLPR0-W","1.0","Pc(s)"
"BOTP-CADLP16KLR0-W","1","BOTO-CADLPR0-W","1.0","Pc(s)"
"BOTP-CADLP17TBR0-W","1","BOTO-CADLPR0-W","1.0","Pc(s)"
"BOTS-ABHS30-K","1","BOTO-GABSR0-K","1.0","Pc(s)"
"","","STIC-PABHS30-K","1.0","Pc(s)"
"BOTS-NBHO30-K","1","BOTO-GNBOR0-K","1.0","Pc(s)"
"","","STIC-PNBHO30-K","1.0","Pc(s)"
"DUSS-ADM40R1-WM","1","STIC-PALLCR1-WM","1.0","Pc(s)"
"","","DUS-ADM40CR1-WACLG","1.0","Pc(s)"
"DUSS-ANTM40R1-WM","1","DUS-ANTM40CR1-WACLG","1.0","Pc(s)"
"","","STIC-PALLCR1-WM","1.0","Pc(s)"
"DUSS-CDDDCL20R1-WM","1","STIC-PAPBBPR1-WM","1.0","Pc(s)"
"","","DUS-CDDDCL20R1-W","1.0","Pc(s)"
"DUSS-CDDDCN20R1-WM","1","STIC-PAPBBPR1-WM","1.0","Pc(s)"
"","","DUS-CDDDCN20R1-W","1.0","Pc(s)"
"DUSS-PBMS2820R1-WM","1","STIC-PAPBBPR1-WM","1.0","Pc(s)"
"","","DUS-PBMS2820R1-WILG","1.0","Pc(s)"
"DUSS-CSEDCC10R1-WM","1","STIC-PACESR1-WM","1.0","Pc(s)"
"","","DUS-CSEDCC10R1-W","1.0","Pc(s)"
"DUSS-LSA30R1-WM","1","STIC-PAAR1-WM","1.0","Pc(s)"
"","","DUS-LSA30R1-W","1.0","Pc(s)"
"BOTP-HSNANB450R2-P","1","BOTO-L450NAT-PP","1.0","Pc(s)"
"BOTP-HSNANB200R2-P","1","BOTO-L200NAT-PP","1.0","Pc(s)"
"BOTP-HSNASH200R2-P","1","BOTO-L200NAT-PP","1.0","Pc(s)"
"BOTP-HSNASH450R2-P","1","BOTO-L450NAT-PP","1.0","Pc(s)"
"BOTP-SL200R2-P","1","BOTO-L200NAT-PP","1.0","Pc(s)"
"BOTP-ERBSAS30-T","1","BOTO-GWSMS30-T","1.0","Pc(s)"
"BOTP-NZASS30-T","1","BOTO-GNSMS30-T","1.0","Pc(s)"
"DUSS-CADLP00R0-W","1","DUS-CADLP00R0-W","1.0","Pc(s)"
"","","STIC-QCADLP00R0-W","1.0","Pc(s)"
"DUSS-CADLP13R0-W","1","DUS-CADLP13R0-W","1.0","Pc(s)"
"","","STIC-QCADLP13R0-W","1.0","Pc(s)"
"DUSS-CADLP14R0-W","1","DUS-CADLP14R0-W","1.0","Pc(s)"
"","","STIC-QCADLP14R0-W","1.0","Pc(s)"
"DUSS-CADLP16R0-W","1","STIC-QCADLP16R0-W","1.0","Pc(s)"
"","","DUS-CADLP16R0-W","1.0","Pc(s)"
"DUSS-CSET125R1-WM","1","STIC-PACESR1-WM","1.0","Pc(s)"
"","","DUS-CSET125R1-W","1.0","Pc(s)"
"BOTS-AVFMR0-E","1","STIC-SAVFMR0-E","1.0","Pc(s)"
"","","BOTO-PET60TCD18-","1.0","Pc(s)"
"DUSS-IMLCR0-W","2","STIC-PIIMCLR0-W","1.0","Pc(s)"
"","","DUS-IMCLR2-WHPD","1.0","Pc(s)"
"BOTP-EMLCR0-W","1","BOTO-EMLNSR0-W","1.0","Pc(s)"
"CAPR-PTC-IX","1","CAPP-R250BLACK-PP","1.0","Pc(s)"
"CAPS-CBBMP50-W","1","STIC-COVCBBMP50-WPPD","1.0","Pc(s)"
"","","CAPP-R100WHITEM-PP","1.0","Pc(s)"
"CAPS-CBBMP50R1-W","1","CAPP-R100WHITEM-PP","1.0","Pc(s)"
"","","STIC-COVCBBMP50-R1PP","1.0","Pc(s)"
"CAPS-CBBO100-W","1","STIC-COVCBBO10-PPW5","1.0","Pc(s)"
"","","CAPP-R100GREENO-PP","1.0","Pc(s)"
"CAPS-CBBO50-W","1","CAPP-R100GREENO-PP","1.0","Pc(s)"
"","","STIC-COVCBBO50-WPPD","1.0","Pc(s)"
"CAPS-CBBPF50R1-W","1","CAPP-R100VIOLET-PP","1.0","Pc(s)"
"","","STIC-COVCBBPF50-R1PP","1.0","Pc(s)"
"CAPS-CBBR100-W","1","CAPP-R100PINKR-PP","1.0","Pc(s)"
"","","STIC-COVCBBR10-PPW5","1.0","Pc(s)"
"CAPS-CBBS100-W","1","STIC-COVCBBS10-PPW5","1.0","Pc(s)"
"","","CAPP-R100PEACHS-PP","1.0","Pc(s)"
"CAPS-CBBS50R1-W","1","STIC-COVCBBST50-R1PP","1.0","Pc(s)"
"","","CAPP-R100PEACHS-PP","1.0","Pc(s)"
"CONP-TSEB-E","1","CONT-EBROWR0-EAS","1.0","Pc(s)"
"POTP-P2720REV1-P","1","POT-R720WHITE-PP","1.0","Pc(s)"
"CONP-SBLER0-MO","1","CONT-SBLER0-MO","1.0","Pc(s)"
"DUSS-WHPMG40R1-WM","1","DUS-WHPMG40R3C-WILG","1.0","Pc(s)"
"","","STIC-PAELR1-WM","1.0","Pc(s)"
"BOTO-SBSLPR4-E","1","BOTO-BSLPR2-EM","1.0","Pc(s)"
"","","PS-BSLPR2-E","1.0","Pc(s)"
"BOTP-PTMLER0-MO","1","BOTO-PTMLCR1-MO","1.0","Pc(s)"
"BOTP-PBSCMBS30-T","1","BOTO-GNSMS30-T","1.0","Pc(s)"
"DUSS-LMP1R0-W","1","DUS-LMP1R3-W","1.0","Pc(s)"
"","","STIC-PILMPR0-W","1.0","Pc(s)"
"","","STIC-PQLMP1R0-W","1.0","Pc(s)"
"CONP-EFCCR0-W","1","CONT-EFCCR0-W","1.0","Pc(s)"
"BOTP-WEIMLR0-IP","1","BOTO-IEIMLR0-W","1.0","Pc(s)"
"BOTP-MLMPR0-IP","1","BOTO-IMLMPR0-W","1.0","Pc(s)"
"TUBS-KLDG20-W","1","TUBE-LDG20RLPBLOB-W","1.0","Pc(s)"
"","","STIC-PKLDG20-W","1.0","Pc(s)"
"DUSS-ANTM40-WM","1","STIC-PALLCR0-WM","1.0","Pc(s)"
"","","DUS-ANTM40CR1-WACLG","1.0","Pc(s)"
"DUSS-HROG17R0-W","1","DUS-HRMRN17R0-W","1.0","Pc(s)"
"","","STIC-PNAHRNG-W","1.0","Pc(s)"
"","","STIC-PQRHRNG-W","1.0","Pc(s)"
"DUSS-EMLC03R0-WM","1","STIC-PADEMLC03-WMV","1.0","Pc(s)"
"","","DUSS-EMLC03H-W","1.0","Pc(s)"
"DUSS-EMLC11R0-WM","2","STIC-PADEMLC11-WMV","1.0","Pc(s)"
"","","DUSS-EMLC11H-W","1.0","Pc(s)"
"TUBS-BBBBC20NR0-E","1","STIC-PTBBBBC20NR0-E","1.0","Pc(s)"
"","","TUBE-BBBBC20CR1-E","1.0","Pc(s)"
"TUBS-APFC60-WM","2","TUBE-APFC60R2-W","1.0","Pc(s)"
"","","STIC-PALLCR0-WM","1.0","Pc(s)"
"DUSS-LBBCL30-WM","2","STIC-PACESR0-WM","1.0","Pc(s)"
"","","DUS-LBBCL30C-WILD","1.0","Pc(s)"
"DUSS-LBBCN30-WM","2","STIC-PACESR0-WM","1.0","Pc(s)"
"","","DUS-LBBCN30C-WILD","1.0","Pc(s)"
"DUSS-CDDDCN20-WM","1","DUS-CDDDCN20R1-W","1.0","Pc(s)"
"","","STIC-PAPBBPR0-WM","1.0","Pc(s)"
